,Epochs,Lowest MAE,Lowest MSE,Smoothed Epochs,Lowest MAE Smoothed,Lowest MSE Smoothed,"R: 7, 7","R: 8, 7","R: 9, 7","R: 10, 7","R: 11, 7","R: 12, 7","R: 13, 7","R: 7, 8","R: 8, 8","R: 9, 8","R: 10, 8","R: 11, 8","R: 12, 8","R: 7, 9","R: 8, 9","R: 9, 9","R: 10, 9","R: 11, 9","R: 7, 10","R: 8, 10","R: 9, 10","R: 10, 10","R: 7, 11","R: 8, 11","R: 9, 11","R: 7, 12","R: 8, 12","R: 7, 13","MAE: 7, 7","MAE: 8, 7","MAE: 9, 7","MAE: 10, 7","MAE: 11, 7","MAE: 12, 7","MAE: 13, 7","MAE: 7, 8","MAE: 8, 8","MAE: 9, 8","MAE: 10, 8","MAE: 11, 8","MAE: 12, 8","MAE: 7, 9","MAE: 8, 9","MAE: 9, 9","MAE: 10, 9","MAE: 11, 9","MAE: 7, 10","MAE: 8, 10","MAE: 9, 10","MAE: 10, 10","MAE: 7, 11","MAE: 8, 11","MAE: 9, 11","MAE: 7, 12","MAE: 8, 12","MAE: 7, 13"
0,1,1.950793832540512,7.012932181358337,1,1.950793832540512,7.012932181358337,0.9990107417106628,0.9988854378461838,0.9991485923528671,0.999168336391449,0.9991054385900497,0.9990027993917465,0.998956099152565,0.9990645498037338,0.999092161655426,0.9990234822034836,0.9989684671163559,0.9990306496620178,0.9989311695098877,0.9989957213401794,0.9990597665309906,0.9992075860500336,0.998991385102272,0.9991973489522934,0.9988389760255814,0.9991246461868286,0.999226987361908,0.9991676658391953,0.9991301894187927,0.9989126771688461,0.9989360868930817,0.9990846067667007,0.9990921914577484,0.9990843236446381,0.05561001691967249,0.05746178515255451,0.05039215926080942,0.05174003541469574,0.05407278332859278,0.05306325573474169,0.05681386590003967,0.055341714061796665,0.04899378214031458,0.057079694233834743,0.055726065300405025,0.05263787508010864,0.05620499886572361,0.054040404967963696,0.04929062910377979,0.04594757966697216,0.055712671019136906,0.0508177001029253,0.06194721348583698,0.053153940476477146,0.04553283751010895,0.05302876327186823,0.05565529316663742,0.05757903307676315,0.05871285032480955,0.05449276138097048,0.054430389776825905,0.054583474062383175
1,2,1.8330810070037842,6.4285619258880615,2,1.9154799848794937,6.837621104717255,,,,,,,,,,,,,,,,,,,,,,,,,,,,,,,,,,,,,,,,,,,,,,,,,,,,,,,,
2,3,1.723019540309906,5.900880575180054,3,1.8577418515086173,6.556598945856095,,,,,,,,,,,,,,,,,,,,,,,,,,,,,,,,,,,,,,,,,,,,,,,,,,,,,,,,
3,4,1.625496119260788,5.417224228382111,4,1.7880681318342684,6.2147865306139,,,,,,,,,,,,,,,,,,,,,,,,,,,,,,,,,,,,,,,,,,,,,,,,,,,,,,,,
4,5,1.5362964570522308,4.933453619480133,5,1.7125366293996571,5.8303866572737695,,,,,,,,,,,,,,,,,,,,,,,,,,,,,,,,,,,,,,,,,,,,,,,,,,,,,,,,
5,6,1.4560853242874146,4.471271991729736,6,1.6356012378659843,5.42265225761056,,,,,,,,,,,,,,,,,,,,,,,,,,,,,,,,,,,,,,,,,,,,,,,,,,,,,,,,
6,7,1.3791221976280212,4.007461130619049,7,1.5586575257945954,4.998094919513107,,,,,,,,,,,,,,,,,,,,,,,,,,,,,,,,,,,,,,,,,,,,,,,,,,,,,,,,
7,8,1.30879345536232,3.579074501991272,8,1.4836983046649128,4.572388794256556,,,,,,,,,,,,,,,,,,,,,,,,,,,,,,,,,,,,,,,,,,,,,,,,,,,,,,,,
8,9,1.2424835562705994,3.163222551345825,9,1.4113338801466186,4.149638921383336,,,,,,,,,,,,,,,,,,,,,,,,,,,,,,,,,,,,,,,,,,,,,,,,,,,,,,,,
9,10,1.1774416714906693,2.7831814885139465,10,1.3411662175498338,3.7397016915225194,,,,,,,,,,,,,,,,,,,,,,,,,,,,,,,,,,,,,,,,,,,,,,,,,,,,,,,,
10,11,1.1124270111322403,2.430141508579254,11,1.2725444556245558,3.34683363663954,,,,,,,,,,,,,,,,,,,,,,,,,,,,,,,,,,,,,,,,,,,,,,,,,,,,,,,,
11,12,1.045971155166626,2.1294750720262527,12,1.2045724654871768,2.981626067255554,,,,,,,,,,,,,,,,,,,,,,,,,,,,,,,,,,,,,,,,,,,,,,,,,,,,,,,,
12,13,0.9813254773616791,1.8374595046043396,13,1.1375983690495275,2.6383760984601894,,,,,,,,,,,,,,,,,,,,,,,,,,,,,,,,,,,,,,,,,,,,,,,,,,,,,,,,
13,14,0.9163416475057602,1.5831209868192673,14,1.0712213525863974,2.321799564967913,,,,,,,,,,,,,,,,,,,,,,,,,,,,,,,,,,,,,,,,,,,,,,,,,,,,,,,,
14,15,0.8516444861888885,1.3533934652805328,15,1.0053482926671449,2.031277735061699,,,,,,,,,,,,,,,,,,,,,,,,,,,,,,,,,,,,,,,,,,,,,,,,,,,,,,,,
15,16,0.7900435924530029,1.149724267423153,16,0.9407568826029022,1.766811694770135,,,,,,,,,,,,,,,,,,,,,,,,,,,,,,,,,,,,,,,,,,,,,,,,,,,,,,,,
16,17,0.7292028069496155,0.9700506255030632,17,0.8772906599069162,1.5277833739900135,,,,,,,,,,,,,,,,,,,,,,,,,,,,,,,,,,,,,,,,,,,,,,,,,,,,,,,,
17,18,0.6694334596395493,0.8125850632786751,18,0.8149334998267062,1.313223880776612,,,,,,,,,,,,,,,,,,,,,,,,,,,,,,,,,,,,,,,,,,,,,,,,,,,,,,,,
18,19,0.6097871363162994,0.6761028170585632,19,0.7533895907735841,1.1220875616611972,,,,,,,,,,,,,,,,,,,,,,,,,,,,,,,,,,,,,,,,,,,,,,,,,,,,,,,,
19,20,0.5541338324546814,0.5597008764743805,20,0.6936128632779133,0.9533715561051521,,,,,,,,,,,,,,,,,,,,,,,,,,,,,,,,,,,,,,,,,,,,,,,,,,,,,,,,
20,21,0.5018245279788971,0.4558405242860317,21,0.6360763626882084,0.8041122465594159,,,,,,,,,,,,,,,,,,,,,,,,,,,,,,,,,,,,,,,,,,,,,,,,,,,,,,,,
21,22,0.4557586535811424,0.37342923134565353,22,0.5819810499560887,0.6749073419952872,,,,,,,,,,,,,,,,,,,,,,,,,,,,,,,,,,,,,,,,,,,,,,,,,,,,,,,,
22,23,0.4120416045188904,0.30274706333875656,23,0.5309992163249292,0.563259258398328,,,,,,,,,,,,,,,,,,,,,,,,,,,,,,,,,,,,,,,,,,,,,,,,,,,,,,,,
23,24,0.37948352098464966,0.25179653987288475,24,0.48554450772284535,0.469820442840695,,,,,,,,,,,,,,,,,,,,,,,,,,,,,,,,,,,,,,,,,,,,,,,,,,,,,,,,
24,25,0.3492823615670204,0.2115582413971424,25,0.44466586387609786,0.39234178240762924,,,,,,,,,,,,,,,,,,,,,,,,,,,,,,,,,,,,,,,,,,,,,,,,,,,,,,,,
25,26,0.3312677592039108,0.1870807707309723,26,0.41064643247444177,0.3307634789046321,,,,,,,,,,,,,,,,,,,,,,,,,,,,,,,,,,,,,,,,,,,,,,,,,,,,,,,,
26,27,0.30397501587867737,0.15938389115035534,27,0.37864500749571245,0.27934960257834907,,,,,,,,,,,,,,,,,,,,,,,,,,,,,,,,,,,,,,,,,,,,,,,,,,,,,,,,
27,28,0.2832186408340931,0.14110309910029173,28,0.35001709749722665,0.23787565153493187,,,,,,,,,,,,,,,,,,,,,,,,,,,,,,,,,,,,,,,,,,,,,,,,,,,,,,,,
28,29,0.26389700919389725,0.12518310733139515,29,0.32418107100622784,0.20406788827387085,,,,,,,,,,,,,,,,,,,,,,,,,,,,,,,,,,,,,,,,,,,,,,,,,,,,,,,,
29,30,0.25058793276548386,0.11413412634283304,30,0.30210312953400464,0.1770877596945595,,,,,,,,,,,,,,,,,,,,,,,,,,,,,,,,,,,,,,,,,,,,,,,,,,,,,,,,
30,31,0.23528199270367622,0.10311062075197697,31,0.2820567884849061,0.15489461801178475,,,,,,,,,,,,,,,,,,,,,,,,,,,,,,,,,,,,,,,,,,,,,,,,,,,,,,,,
31,32,0.22226084396243095,0.09244995005428791,32,0.2641180051281636,0.1361612176245357,,,,,,,,,,,,,,,,,,,,,,,,,,,,,,,,,,,,,,,,,,,,,,,,,,,,,,,,
32,33,0.21316729113459587,0.0845005395822227,33,0.24883279093009328,0.12066301421184181,,,,,,,,,,,,,,,,,,,,,,,,,,,,,,,,,,,,,,,,,,,,,,,,,,,,,,,,
33,34,0.20490418747067451,0.07791947852820158,34,0.23565420989226765,0.10783995350674974,,,,,,,,,,,,,,,,,,,,,,,,,,,,,,,,,,,,,,,,,,,,,,,,,,,,,,,,
34,35,0.19548100605607033,0.07287270668894053,35,0.22360224874140844,0.09734977946140698,,,,,,,,,,,,,,,,,,,,,,,,,,,,,,,,,,,,,,,,,,,,,,,,,,,,,,,,
35,36,0.18443601951003075,0.06517953472211957,36,0.21185237997199513,0.08769870603962075,,,,,,,,,,,,,,,,,,,,,,,,,,,,,,,,,,,,,,,,,,,,,,,,,,,,,,,,
36,37,0.1808646358549595,0.061248830519616604,37,0.20255605673688445,0.07976374338361951,,,,,,,,,,,,,,,,,,,,,,,,,,,,,,,,,,,,,,,,,,,,,,,,,,,,,,,,
37,38,0.16938120312988758,0.055129311978816986,38,0.19260360065478538,0.07237341396217875,,,,,,,,,,,,,,,,,,,,,,,,,,,,,,,,,,,,,,,,,,,,,,,,,,,,,,,,
38,39,0.16386941261589527,0.0525070047006011,39,0.18398334424311835,0.06641349118370546,,,,,,,,,,,,,,,,,,,,,,,,,,,,,,,,,,,,,,,,,,,,,,,,,,,,,,,,
39,40,0.15641323663294315,0.04792228201404214,40,0.17571231196006581,0.06086612843280646,,,,,,,,,,,,,,,,,,,,,,,,,,,,,,,,,,,,,,,,,,,,,,,,,,,,,,,,
40,41,0.15414943173527718,0.04490703018382192,41,0.16924344789262924,0.0560783989581111,,,,,,,,,,,,,,,,,,,,,,,,,,,,,,,,,,,,,,,,,,,,,,,,,,,,,,,,
41,42,0.1455422379076481,0.04130771663039923,42,0.1621330848971349,0.05164719425979754,,,,,,,,,,,,,,,,,,,,,,,,,,,,,,,,,,,,,,,,,,,,,,,,,,,,,,,,
42,43,0.14924622513353825,0.041152840945869684,43,0.15826702696805592,0.04849888826561918,,,,,,,,,,,,,,,,,,,,,,,,,,,,,,,,,,,,,,,,,,,,,,,,,,,,,,,,
43,44,0.13795466907322407,0.036526925629004836,44,0.15217331959960637,0.04490729947463488,,,,,,,,,,,,,,,,,,,,,,,,,,,,,,,,,,,,,,,,,,,,,,,,,,,,,,,,
44,45,0.13691939786076546,0.0352124348282814,45,0.14759714307795407,0.041998840080728836,,,,,,,,,,,,,,,,,,,,,,,,,,,,,,,,,,,,,,,,,,,,,,,,,,,,,,,,
45,46,0.1283606979995966,0.0322337974794209,46,0.14182620955444683,0.03906932730033645,,,,,,,,,,,,,,,,,,,,,,,,,,,,,,,,,,,,,,,,,,,,,,,,,,,,,,,,
46,47,0.1299204733222723,0.03197715571150184,47,0.13825448868479448,0.03694167582368607,,,,,,,,,,,,,,,,,,,,,,,,,,,,,,,,,,,,,,,,,,,,,,,,,,,,,,,,
47,48,0.12509272433817387,0.029408736852928996,48,0.1343059593808083,0.03468179413245895,,,,,,,,,,,,,,,,,,,,,,,,,,,,,,,,,,,,,,,,,,,,,,,,,,,,,,,,
48,49,0.12105877883732319,0.027644130866974592,49,0.13033180521776278,0.03257049515281364,,,,,,,,,,,,,,,,,,,,,,,,,,,,,,,,,,,,,,,,,,,,,,,,,,,,,,,,
49,50,0.12266418524086475,0.02685453975573182,50,0.12803151922469336,0.030855708533689095,,,,,,,,,,,,,,,,,,,,,,,,,,,,,,,,,,,,,,,,,,,,,,,,,,,,,,,,
50,51,0.11982410959899426,0.02564278687350452,51,0.12556929633698363,0.029291832035633722,,,,,,,,,,,,,,,,,,,,,,,,,,,,,,,,,,,,,,,,,,,,,,,,,,,,,,,,
51,52,0.11701535619795322,0.024139601038768888,52,0.12300311429527451,0.02774616273657427,,,,,,,,,,,,,,,,,,,,,,,,,,,,,,,,,,,,,,,,,,,,,,,,,,,,,,,,
52,53,0.11577353812754154,0.023198331706225872,53,0.12083424144495461,0.02638181342746975,,,,,,,,,,,,,,,,,,,,,,,,,,,,,,,,,,,,,,,,,,,,,,,,,,,,,,,,
53,54,0.1093414667993784,0.021377912955358624,54,0.11738640905128175,0.024880643285836414,,,,,,,,,,,,,,,,,,,,,,,,,,,,,,,,,,,,,,,,,,,,,,,,,,,,,,,,
54,55,0.11094275489449501,0.022097286535426974,55,0.11545331280424573,0.02404563626071358,,,,,,,,,,,,,,,,,,,,,,,,,,,,,,,,,,,,,,,,,,,,,,,,,,,,,,,,
55,56,0.1099948063492775,0.020785832777619362,56,0.11381576086775526,0.023067695215785316,,,,,,,,,,,,,,,,,,,,,,,,,,,,,,,,,,,,,,,,,,,,,,,,,,,,,,,,
56,57,0.10713243298232555,0.019534719409421086,57,0.11181076250212635,0.02200780247387605,,,,,,,,,,,,,,,,,,,,,,,,,,,,,,,,,,,,,,,,,,,,,,,,,,,,,,,,
57,58,0.10286957025527954,0.01816975953988731,58,0.1091284048280723,0.020856389593679428,,,,,,,,,,,,,,,,,,,,,,,,,,,,,,,,,,,,,,,,,,,,,,,,,,,,,,,,
58,59,0.10345037281513214,0.01872347528114915,59,0.10742499522419026,0.020216515299920343,,,,,,,,,,,,,,,,,,,,,,,,,,,,,,,,,,,,,,,,,,,,,,,,,,,,,,,,
59,60,0.09899795986711979,0.017027496360242367,60,0.10489688461706911,0.01925980961801695,,,,,,,,,,,,,,,,,,,,,,,,,,,,,,,,,,,,,,,,,,,,,,,,,,,,,,,,
60,61,0.10069214925169945,0.017438251990824938,61,0.10363546400745821,0.018713342329859346,,,,,,,,,,,,,,,,,,,,,,,,,,,,,,,,,,,,,,,,,,,,,,,,,,,,,,,,
61,62,0.09847244620323181,0.01638694992288947,62,0.10208655866619029,0.018015424607768383,,,,,,,,,,,,,,,,,,,,,,,,,,,,,,,,,,,,,,,,,,,,,,,,,,,,,,,,
62,63,0.09389766491949558,0.015624568331986666,63,0.09962989054218187,0.01729816772503387,,,,,,,,,,,,,,,,,,,,,,,,,,,,,,,,,,,,,,,,,,,,,,,,,,,,,,,,
63,64,0.09695406816899776,0.015419000061228871,64,0.09882714383022664,0.01673441742589237,,,,,,,,,,,,,,,,,,,,,,,,,,,,,,,,,,,,,,,,,,,,,,,,,,,,,,,,
64,65,0.09464677982032299,0.015099738258868456,65,0.09757303462725556,0.016244013675785197,,,,,,,,,,,,,,,,,,,,,,,,,,,,,,,,,,,,,,,,,,,,,,,,,,,,,,,,
65,66,0.09103723242878914,0.014096160419285297,66,0.09561229396771563,0.015599657698835225,,,,,,,,,,,,,,,,,,,,,,,,,,,,,,,,,,,,,,,,,,,,,,,,,,,,,,,,
66,67,0.09511160105466843,0.015032350784167647,67,0.09546208609380147,0.015429465624434952,,,,,,,,,,,,,,,,,,,,,,,,,,,,,,,,,,,,,,,,,,,,,,,,,,,,,,,,
67,68,0.09052597731351852,0.014045650721527636,68,0.09398125345971658,0.015014321153562757,,,,,,,,,,,,,,,,,,,,,,,,,,,,,,,,,,,,,,,,,,,,,,,,,,,,,,,,
68,69,0.08850121684372425,0.01323102624155581,69,0.09233724247491888,0.014479332679960672,,,,,,,,,,,,,,,,,,,,,,,,,,,,,,,,,,,,,,,,,,,,,,,,,,,,,,,,
69,70,0.08526615984737873,0.01284069789107889,70,0.09021591768665684,0.013987742243296136,,,,,,,,,,,,,,,,,,,,,,,,,,,,,,,,,,,,,,,,,,,,,,,,,,,,,,,,
70,71,0.08627756498754025,0.012832999462261796,71,0.08903441187692185,0.013641319408985834,,,,,,,,,,,,,,,,,,,,,,,,,,,,,,,,,,,,,,,,,,,,,,,,,,,,,,,,
71,72,0.08887643367052078,0.01452572108246386,72,0.08898701841500153,0.013906639911029242,,,,,,,,,,,,,,,,,,,,,,,,,,,,,,,,,,,,,,,,,,,,,,,,,,,,,,,,
72,73,0.08766194432973862,0.013128862250596285,73,0.08858949618942266,0.013673306612899354,,,,,,,,,,,,,,,,,,,,,,,,,,,,,,,,,,,,,,,,,,,,,,,,,,,,,,,,
73,74,0.08292357251048088,0.012198058189824224,74,0.08688971908574013,0.013230732085976816,,,,,,,,,,,,,,,,,,,,,,,,,,,,,,,,,,,,,,,,,,,,,,,,,,,,,,,,
74,75,0.08519310504198074,0.012453504372388124,75,0.08638073487261232,0.012997563771900209,,,,,,,,,,,,,,,,,,,,,,,,,,,,,,,,,,,,,,,,,,,,,,,,,,,,,,,,
75,76,0.0861499086022377,0.012682354426942766,76,0.08631148699149993,0.012903000968412976,,,,,,,,,,,,,,,,,,,,,,,,,,,,,,,,,,,,,,,,,,,,,,,,,,,,,,,,
76,77,0.08136802352964878,0.011701448238454759,77,0.08482844795294459,0.01254253514942551,,,,,,,,,,,,,,,,,,,,,,,,,,,,,,,,,,,,,,,,,,,,,,,,,,,,,,,,
77,78,0.08244708366692066,0.011985287186689675,78,0.0841140386671374,0.01237536076060476,,,,,,,,,,,,,,,,,,,,,,,,,,,,,,,,,,,,,,,,,,,,,,,,,,,,,,,,
78,79,0.08265171200037003,0.01186869852244854,79,0.08367534066710719,0.012223362089157894,,,,,,,,,,,,,,,,,,,,,,,,,,,,,,,,,,,,,,,,,,,,,,,,,,,,,,,,
79,80,0.08274848945438862,0.011848303372971714,80,0.08339728530329162,0.012110844474302041,,,,,,,,,,,,,,,,,,,,,,,,,,,,,,,,,,,,,,,,,,,,,,,,,,,,,,,,
80,81,0.08531655929982662,0.012377221486531198,81,0.08397306750225211,0.012190757577970788,,,,,,,,,,,,,,,,,,,,,,,,,,,,,,,,,,,,,,,,,,,,,,,,,,,,,,,,
81,82,0.08143151551485062,0.012102209613658488,82,0.08321060190603166,0.012164193188677097,,,,,,,,,,,,,,,,,,,,,,,,,,,,,,,,,,,,,,,,,,,,,,,,,,,,,,,,
82,83,0.08179092593491077,0.011525461100973189,83,0.0827846991146954,0.011972573562365925,,,,,,,,,,,,,,,,,,,,,,,,,,,,,,,,,,,,,,,,,,,,,,,,,,,,,,,,
83,84,0.08057065308094025,0.011786663788370788,84,0.08212048530456885,0.011916800630167385,,,,,,,,,,,,,,,,,,,,,,,,,,,,,,,,,,,,,,,,,,,,,,,,,,,,,,,,
84,85,0.0778171494603157,0.010825932491570711,85,0.08082948455129291,0.011589540188588383,,,,,,,,,,,,,,,,,,,,,,,,,,,,,,,,,,,,,,,,,,,,,,,,,,,,,,,,
85,86,0.07893547974526882,0.011189055512659252,86,0.08026128310948569,0.011469394785809644,,,,,,,,,,,,,,,,,,,,,,,,,,,,,,,,,,,,,,,,,,,,,,,,,,,,,,,,
86,87,0.079408323392272,0.010759627213701606,87,0.08000539519432158,0.011256464514177233,,,,,,,,,,,,,,,,,,,,,,,,,,,,,,,,,,,,,,,,,,,,,,,,,,,,,,,,
87,88,0.08260589465498924,0.011694689514115453,88,0.08078554503252187,0.011387932014158698,,,,,,,,,,,,,,,,,,,,,,,,,,,,,,,,,,,,,,,,,,,,,,,,,,,,,,,,
88,89,0.07724835071712732,0.010366390459239483,89,0.07972438673790351,0.011081469547682934,,,,,,,,,,,,,,,,,,,,,,,,,,,,,,,,,,,,,,,,,,,,,,,,,,,,,,,,
89,90,0.07959634624421597,0.010991950752213597,90,0.07968597458979725,0.011054613909042133,,,,,,,,,,,,,,,,,,,,,,,,,,,,,,,,,,,,,,,,,,,,,,,,,,,,,,,,
90,91,0.07482466287910938,0.009720971807837486,91,0.07822758107659089,0.010654521278680738,,,,,,,,,,,,,,,,,,,,,,,,,,,,,,,,,,,,,,,,,,,,,,,,,,,,,,,,
91,92,0.07264428026974201,0.009673673426732421,92,0.07655259083453622,0.010360266923096243,,,,,,,,,,,,,,,,,,,,,,,,,,,,,,,,,,,,,,,,,,,,,,,,,,,,,,,,
92,93,0.0778613742440939,0.010400980012491345,93,0.07694522585740352,0.010372480849914774,,,,,,,,,,,,,,,,,,,,,,,,,,,,,,,,,,,,,,,,,,,,,,,,,,,,,,,,
93,94,0.07417378667742014,0.009780775872059166,94,0.0761137941034085,0.010194969356558092,,,,,,,,,,,,,,,,,,,,,,,,,,,,,,,,,,,,,,,,,,,,,,,,,,,,,,,,
94,95,0.07443825528025627,0.010025793104432523,95,0.07561113245646284,0.01014421648092042,,,,,,,,,,,,,,,,,,,,,,,,,,,,,,,,,,,,,,,,,,,,,,,,,,,,,,,,
95,96,0.07285694777965546,0.009374546119943261,96,0.07478487705342063,0.009913315372627273,,,,,,,,,,,,,,,,,,,,,,,,,,,,,,,,,,,,,,,,,,,,,,,,,,,,,,,,
96,97,0.07681123726069927,0.010689564165659249,97,0.07539278511560422,0.010146190010536866,,,,,,,,,,,,,,,,,,,,,,,,,,,,,,,,,,,,,,,,,,,,,,,,,,,,,,,,
97,98,0.07374713476747274,0.009963744319975376,98,0.07489909001116478,0.01009145630336842,,,,,,,,,,,,,,,,,,,,,,,,,,,,,,,,,,,,,,,,,,,,,,,,,,,,,,,,
98,99,0.070852424018085,0.009077515918761492,99,0.07368509021324085,0.00978727418798634,,,,,,,,,,,,,,,,,,,,,,,,,,,,,,,,,,,,,,,,,,,,,,,,,,,,,,,,
99,100,0.07376456912606955,0.009798340266570449,100,0.07370893388708946,0.009790594011561573,,,,,,,,,,,,,,,,,,,,,,,,,,,,,,,,,,,,,,,,,,,,,,,,,,,,,,,,
100,101,0.07354876399040222,0.009418531903065741,101,0.07366088291808329,0.009678975379012822,,,,,,,,,,,,,,,,,,,,,,,,,,,,,,,,,,,,,,,,,,,,,,,,,,,,,,,,
101,102,0.07165041845291853,0.009021849487908185,102,0.07305774357853387,0.009481837611681431,,,,,,,,,,,,,,,,,,,,,,,,,,,,,,,,,,,,,,,,,,,,,,,,,,,,,,,,
102,103,0.07210952788591385,0.009325244347564876,103,0.07277327887074786,0.009434859632446464,,,,,,,,,,,,,,,,,,,,,,,,,,,,,,,,,,,,,,,,,,,,,,,,,,,,,,,,
103,104,0.06880827434360981,0.008538274792954326,104,0.07158377751260644,0.009165884180598823,,,,,,,,,,,,,,,,,,,,,,,,,,,,,,,,,,,,,,,,,,,,,,,,,,,,,,,,
104,105,0.06846045423299074,0.008372359210625291,105,0.07064678052872174,0.008927826689606764,,,,,,,,,,,,,,,,,,,,,,,,,,,,,,,,,,,,,,,,,,,,,,,,,,,,,,,,
105,106,0.07128346152603626,0.008819265174679458,106,0.0708377848279161,0.008895258235128572,,,,,,,,,,,,,,,,,,,,,,,,,,,,,,,,,,,,,,,,,,,,,,,,,,,,,,,,
106,107,0.06798496097326279,0.008274232037365437,107,0.06998193767152011,0.008708950375799631,,,,,,,,,,,,,,,,,,,,,,,,,,,,,,,,,,,,,,,,,,,,,,,,,,,,,,,,
107,108,0.06772271450608969,0.008248305297456682,108,0.06930417072189099,0.008570756852296746,,,,,,,,,,,,,,,,,,,,,,,,,,,,,,,,,,,,,,,,,,,,,,,,,,,,,,,,
108,109,0.06869384460151196,0.008330043754540384,109,0.06912107288577728,0.008498542922969837,,,,,,,,,,,,,,,,,,,,,,,,,,,,,,,,,,,,,,,,,,,,,,,,,,,,,,,,
109,110,0.07110847346484661,0.009169755037873983,110,0.06971729305949807,0.008699906557441081,,,,,,,,,,,,,,,,,,,,,,,,,,,,,,,,,,,,,,,,,,,,,,,,,,,,,,,,
110,111,0.0674379263073206,0.008343321271240711,111,0.06903348303384482,0.00859293097158097,,,,,,,,,,,,,,,,,,,,,,,,,,,,,,,,,,,,,,,,,,,,,,,,,,,,,,,,
111,112,0.06843015272170305,0.008657087571918964,112,0.0688524839402023,0.008612177951682369,,,,,,,,,,,,,,,,,,,,,,,,,,,,,,,,,,,,,,,,,,,,,,,,,,,,,,,,
112,113,0.07073979638516903,0.00891577743459493,113,0.06941867767369232,0.008703257796556138,,,,,,,,,,,,,,,,,,,,,,,,,,,,,,,,,,,,,,,,,,,,,,,,,,,,,,,,
113,114,0.0710316589102149,0.008934309938922524,114,0.0699025720446491,0.008772573439266053,,,,,,,,,,,,,,,,,,,,,,,,,,,,,,,,,,,,,,,,,,,,,,,,,,,,,,,,
114,115,0.07362077757716179,0.010076361941173673,115,0.0710180337044029,0.009163709989838339,,,,,,,,,,,,,,,,,,,,,,,,,,,,,,,,,,,,,,,,,,,,,,,,,,,,,,,,
115,116,0.07233850657939911,0.00995314633473754,116,0.07141417556690177,0.0094005408933081,,,,,,,,,,,,,,,,,,,,,,,,,,,,,,,,,,,,,,,,,,,,,,,,,,,,,,,,
116,117,0.06915397942066193,0.008585753384977579,117,0.07073611672302982,0.009156104640808944,,,,,,,,,,,,,,,,,,,,,,,,,,,,,,,,,,,,,,,,,,,,,,,,,,,,,,,,
117,118,0.06415662541985512,0.007540019229054451,118,0.06876226933207741,0.008671279017282596,,,,,,,,,,,,,,,,,,,,,,,,,,,,,,,,,,,,,,,,,,,,,,,,,,,,,,,,
118,119,0.06780393607914448,0.008361827000044286,119,0.06847476935619753,0.008578443412111104,,,,,,,,,,,,,,,,,,,,,,,,,,,,,,,,,,,,,,,,,,,,,,,,,,,,,,,,
119,120,0.0687288399785757,0.008412763942033052,120,0.06855099054291099,0.008528739571087688,,,,,,,,,,,,,,,,,,,,,,,,,,,,,,,,,,,,,,,,,,,,,,,,,,,,,,,,
120,121,0.0678352015092969,0.008377155871130526,121,0.06833625383282675,0.00848326446110054,,,,,,,,,,,,,,,,,,,,,,,,,,,,,,,,,,,,,,,,,,,,,,,,,,,,,,,,
121,122,0.06816036999225616,0.008840857539325953,122,0.06828348868065558,0.008590542384568163,,,,,,,,,,,,,,,,,,,,,,,,,,,,,,,,,,,,,,,,,,,,,,,,,,,,,,,,
122,123,0.06494581419974566,0.007706028642132878,123,0.0672821863363826,0.008325188261837577,,,,,,,,,,,,,,,,,,,,,,,,,,,,,,,,,,,,,,,,,,,,,,,,,,,,,,,,
123,124,0.06376970652490854,0.0074752954533323646,124,0.06622844239294037,0.008070220419286013,,,,,,,,,,,,,,,,,,,,,,,,,,,,,,,,,,,,,,,,,,,,,,,,,,,,,,,,
124,125,0.06311935931444168,0.007326963008381426,125,0.06529571746939077,0.007847243196014637,,,,,,,,,,,,,,,,,,,,,,,,,,,,,,,,,,,,,,,,,,,,,,,,,,,,,,,,
125,126,0.06450012885034084,0.00797158689238131,126,0.06505704088367578,0.007884546304924639,,,,,,,,,,,,,,,,,,,,,,,,,,,,,,,,,,,,,,,,,,,,,,,,,,,,,,,,
126,127,0.06606924999505281,0.008236836059950292,127,0.0653607036170889,0.007990233231432334,,,,,,,,,,,,,,,,,,,,,,,,,,,,,,,,,,,,,,,,,,,,,,,,,,,,,,,,
127,128,0.06277040764689445,0.007176271989010274,128,0.06458361482603056,0.0077460448587057164,,,,,,,,,,,,,,,,,,,,,,,,,,,,,,,,,,,,,,,,,,,,,,,,,,,,,,,,
128,129,0.06654511950910091,0.007999967318028212,129,0.06517206623095166,0.007822221596502466,,,,,,,,,,,,,,,,,,,,,,,,,,,,,,,,,,,,,,,,,,,,,,,,,,,,,,,,
129,130,0.06349547021090984,0.007588948938064277,130,0.06466908742493911,0.00775223979897101,,,,,,,,,,,,,,,,,,,,,,,,,,,,,,,,,,,,,,,,,,,,,,,,,,,,,,,,
130,131,0.06724870763719082,0.008114019525237381,131,0.06544297348861462,0.00786077371685092,,,,,,,,,,,,,,,,,,,,,,,,,,,,,,,,,,,,,,,,,,,,,,,,,,,,,,,,
131,132,0.06129827443510294,0.007241585175506771,132,0.06419956377256111,0.007675017154447676,,,,,,,,,,,,,,,,,,,,,,,,,,,,,,,,,,,,,,,,,,,,,,,,,,,,,,,,
132,133,0.06424634158611298,0.007517542690038681,133,0.06421359711662666,0.007627774815124978,,,,,,,,,,,,,,,,,,,,,,,,,,,,,,,,,,,,,,,,,,,,,,,,,,,,,,,,
133,134,0.06463308352977037,0.007979113725014031,134,0.06433944304056978,0.007733176488091693,,,,,,,,,,,,,,,,,,,,,,,,,,,,,,,,,,,,,,,,,,,,,,,,,,,,,,,,
134,135,0.06104222871363163,0.007115733460523188,135,0.06335027874248833,0.007547943579821142,,,,,,,,,,,,,,,,,,,,,,,,,,,,,,,,,,,,,,,,,,,,,,,,,,,,,,,,
135,136,0.0660227769985795,0.00774070480838418,136,0.06415202821931568,0.007605771948390053,,,,,,,,,,,,,,,,,,,,,,,,,,,,,,,,,,,,,,,,,,,,,,,,,,,,,,,,
136,137,0.06147225480526686,0.007272573886439204,137,0.06334809619510104,0.007505812529804799,,,,,,,,,,,,,,,,,,,,,,,,,,,,,,,,,,,,,,,,,,,,,,,,,,,,,,,,
137,138,0.06301254220306873,0.0074229344027116895,138,0.06324742999749135,0.007480949091676866,,,,,,,,,,,,,,,,,,,,,,,,,,,,,,,,,,,,,,,,,,,,,,,,,,,,,,,,
138,139,0.061527617275714874,0.006961376639083028,139,0.0627314861809584,0.007325077355898714,,,,,,,,,,,,,,,,,,,,,,,,,,,,,,,,,,,,,,,,,,,,,,,,,,,,,,,,
139,140,0.06386375986039639,0.007684364332817495,140,0.0630711682847898,0.007432863448974349,,,,,,,,,,,,,,,,,,,,,,,,,,,,,,,,,,,,,,,,,,,,,,,,,,,,,,,,
140,141,0.06621801760047674,0.008008334669284523,141,0.06401522307949588,0.007605504815067401,,,,,,,,,,,,,,,,,,,,,,,,,,,,,,,,,,,,,,,,,,,,,,,,,,,,,,,,
141,142,0.06130255665630102,0.0070140063762664795,142,0.06320142315253742,0.007428055283427125,,,,,,,,,,,,,,,,,,,,,,,,,,,,,,,,,,,,,,,,,,,,,,,,,,,,,,,,
142,143,0.06021866761147976,0.006694170762784779,143,0.06230659649022012,0.0072078899272344215,,,,,,,,,,,,,,,,,,,,,,,,,,,,,,,,,,,,,,,,,,,,,,,,,,,,,,,,
143,144,0.060354987159371376,0.00684188911691308,144,0.061721113690965494,0.007098089684138019,,,,,,,,,,,,,,,,,,,,,,,,,,,,,,,,,,,,,,,,,,,,,,,,,,,,,,,,
144,145,0.06169965211302042,0.0069914121413603425,145,0.06171467521758197,0.007066086421304716,,,,,,,,,,,,,,,,,,,,,,,,,,,,,,,,,,,,,,,,,,,,,,,,,,,,,,,,
145,146,0.05969089176505804,0.006730866967700422,146,0.06110754018182479,0.006965520585223427,,,,,,,,,,,,,,,,,,,,,,,,,,,,,,,,,,,,,,,,,,,,,,,,,,,,,,,,
146,147,0.06321166269481182,0.007384500349871814,147,0.061738776935720906,0.007091214514617944,,,,,,,,,,,,,,,,,,,,,,,,,,,,,,,,,,,,,,,,,,,,,,,,,,,,,,,,
147,148,0.05829286947846413,0.006358654354698956,148,0.06070500469854387,0.006871446466642247,,,,,,,,,,,,,,,,,,,,,,,,,,,,,,,,,,,,,,,,,,,,,,,,,,,,,,,,
148,149,0.06064419075846672,0.0068623973056674,149,0.06068676051652072,0.006868731718349793,,,,,,,,,,,,,,,,,,,,,,,,,,,,,,,,,,,,,,,,,,,,,,,,,,,,,,,,
149,150,0.060117095708847046,0.006686901208013296,150,0.06051586107421862,0.0068141825652488445,,,,,,,,,,,,,,,,,,,,,,,,,,,,,,,,,,,,,,,,,,,,,,,,,,,,,,,,
150,151,0.05995625630021095,0.006694367853924632,151,0.060347979642016325,0.006778238151851581,,,,,,,,,,,,,,,,,,,,,,,,,,,,,,,,,,,,,,,,,,,,,,,,,,,,,,,,
151,152,0.0630244156345725,0.007121150731109083,152,0.06115091043978318,0.006881111925628831,,,,,,,,,,,,,,,,,,,,,,,,,,,,,,,,,,,,,,,,,,,,,,,,,,,,,,,,
152,153,0.05923433601856232,0.006594507023692131,153,0.06057593811341692,0.006795130455047821,,,,,,,,,,,,,,,,,,,,,,,,,,,,,,,,,,,,,,,,,,,,,,,,,,,,,,,,
153,154,0.06228471640497446,0.0071267831372097135,154,0.061088571600884184,0.0068946262596963894,,,,,,,,,,,,,,,,,,,,,,,,,,,,,,,,,,,,,,,,,,,,,,,,,,,,,,,,
154,155,0.05990259535610676,0.006934355013072491,155,0.060732778727450955,0.00690654488570922,,,,,,,,,,,,,,,,,,,,,,,,,,,,,,,,,,,,,,,,,,,,,,,,,,,,,,,,
155,156,0.060350692830979824,0.00689363747369498,156,0.060618152958509613,0.006902672662104948,,,,,,,,,,,,,,,,,,,,,,,,,,,,,,,,,,,,,,,,,,,,,,,,,,,,,,,,
156,157,0.0570528469979763,0.006065720925107598,157,0.05954856117034962,0.006651587141005743,,,,,,,,,,,,,,,,,,,,,,,,,,,,,,,,,,,,,,,,,,,,,,,,,,,,,,,,
157,158,0.05953833740204573,0.006477191112935543,158,0.059545494039858454,0.006599268332584684,,,,,,,,,,,,,,,,,,,,,,,,,,,,,,,,,,,,,,,,,,,,,,,,,,,,,,,,
158,159,0.061215746216475964,0.00716837658546865,159,0.06004656969284371,0.006770000808449874,,,,,,,,,,,,,,,,,,,,,,,,,,,,,,,,,,,,,,,,,,,,,,,,,,,,,,,,
159,160,0.05829709954559803,0.006453911191783845,160,0.05952172864867,0.006675173923450065,,,,,,,,,,,,,,,,,,,,,,,,,,,,,,,,,,,,,,,,,,,,,,,,,,,,,,,,
160,161,0.057156333699822426,0.006044340203516185,161,0.05881211016401573,0.006485923807469901,,,,,,,,,,,,,,,,,,,,,,,,,,,,,,,,,,,,,,,,,,,,,,,,,,,,,,,,
161,162,0.05878604482859373,0.006492003332823515,162,0.058804290563389136,0.006487747665075985,,,,,,,,,,,,,,,,,,,,,,,,,,,,,,,,,,,,,,,,,,,,,,,,,,,,,,,,
162,163,0.057836457155644894,0.006261538830585778,163,0.05851394054106586,0.006419885014728923,,,,,,,,,,,,,,,,,,,,,,,,,,,,,,,,,,,,,,,,,,,,,,,,,,,,,,,,
163,164,0.05865361448377371,0.0064995125867426395,164,0.05855584272387821,0.006443773286333039,,,,,,,,,,,,,,,,,,,,,,,,,,,,,,,,,,,,,,,,,,,,,,,,,,,,,,,,
164,165,0.060073504224419594,0.006908537237904966,165,0.059011141174040625,0.006583202471804616,,,,,,,,,,,,,,,,,,,,,,,,,,,,,,,,,,,,,,,,,,,,,,,,,,,,,,,,
165,166,0.05825250968337059,0.0066475976491346955,166,0.05878355172683962,0.00660252102500364,,,,,,,,,,,,,,,,,,,,,,,,,,,,,,,,,,,,,,,,,,,,,,,,,,,,,,,,
166,167,0.05756337568163872,0.006315799662843347,167,0.058417498913279346,0.006516504616355552,,,,,,,,,,,,,,,,,,,,,,,,,,,,,,,,,,,,,,,,,,,,,,,,,,,,,,,,
167,168,0.06313978508114815,0.007501065847463906,168,0.05983418476363998,0.006811872985688059,,,,,,,,,,,,,,,,,,,,,,,,,,,,,,,,,,,,,,,,,,,,,,,,,,,,,,,,
168,169,0.057504355907440186,0.006170701235532761,169,0.059135236106780044,0.006619521460641469,,,,,,,,,,,,,,,,,,,,,,,,,,,,,,,,,,,,,,,,,,,,,,,,,,,,,,,,
169,170,0.05655835289508104,0.00609556632116437,170,0.058362171143270344,0.00646233491879834,,,,,,,,,,,,,,,,,,,,,,,,,,,,,,,,,,,,,,,,,,,,,,,,,,,,,,,,
170,171,0.05937762185931206,0.006686027045361698,171,0.05866680635808286,0.006529442556767347,,,,,,,,,,,,,,,,,,,,,,,,,,,,,,,,,,,,,,,,,,,,,,,,,,,,,,,,
171,172,0.056452116928994656,0.00590906897559762,172,0.058002399529356395,0.006343330482416429,,,,,,,,,,,,,,,,,,,,,,,,,,,,,,,,,,,,,,,,,,,,,,,,,,,,,,,,
172,173,0.06311474088579416,0.007446462754160166,173,0.05953610193628772,0.006674270163939551,,,,,,,,,,,,,,,,,,,,,,,,,,,,,,,,,,,,,,,,,,,,,,,,,,,,,,,,
173,174,0.06121944077312946,0.006769143510609865,174,0.060041103587340244,0.006702732167940645,,,,,,,,,,,,,,,,,,,,,,,,,,,,,,,,,,,,,,,,,,,,,,,,,,,,,,,,
174,175,0.05761449784040451,0.006297553423792124,175,0.05931312186325952,0.006581178544696089,,,,,,,,,,,,,,,,,,,,,,,,,,,,,,,,,,,,,,,,,,,,,,,,,,,,,,,,
175,176,0.057461751624941826,0.006641354411840439,176,0.058757710791764214,0.006599231304839394,,,,,,,,,,,,,,,,,,,,,,,,,,,,,,,,,,,,,,,,,,,,,,,,,,,,,,,,
176,177,0.05680907517671585,0.006010580458678305,177,0.058173120107249704,0.006422636050991068,,,,,,,,,,,,,,,,,,,,,,,,,,,,,,,,,,,,,,,,,,,,,,,,,,,,,,,,
177,178,0.054275489412248135,0.005612908164039254,178,0.05700383089874923,0.006179717684905524,,,,,,,,,,,,,,,,,,,,,,,,,,,,,,,,,,,,,,,,,,,,,,,,,,,,,,,,
178,179,0.055899711325764656,0.0058792466297745705,179,0.05667259502685386,0.006089576368366238,,,,,,,,,,,,,,,,,,,,,,,,,,,,,,,,,,,,,,,,,,,,,,,,,,,,,,,,
179,180,0.055474113672971725,0.005857842392288148,180,0.05631305062068922,0.0060200561755428105,,,,,,,,,,,,,,,,,,,,,,,,,,,,,,,,,,,,,,,,,,,,,,,,,,,,,,,,
180,181,0.05610648076981306,0.005920848692767322,181,0.056251079665426376,0.005990293930710164,,,,,,,,,,,,,,,,,,,,,,,,,,,,,,,,,,,,,,,,,,,,,,,,,,,,,,,,
181,182,0.05604320578277111,0.005715276231057942,182,0.056188717500629794,0.005907788620814498,,,,,,,,,,,,,,,,,,,,,,,,,,,,,,,,,,,,,,,,,,,,,,,,,,,,,,,,
182,183,0.05507964827120304,0.006039655650965869,183,0.05585599673180177,0.005947348729859909,,,,,,,,,,,,,,,,,,,,,,,,,,,,,,,,,,,,,,,,,,,,,,,,,,,,,,,,
183,184,0.057234444655478,0.0060555830132216215,184,0.05626953110890464,0.005979819014868423,,,,,,,,,,,,,,,,,,,,,,,,,,,,,,,,,,,,,,,,,,,,,,,,,,,,,,,,
184,185,0.05404410697519779,0.005654012318700552,185,0.05560190386879259,0.005882077006018062,,,,,,,,,,,,,,,,,,,,,,,,,,,,,,,,,,,,,,,,,,,,,,,,,,,,,,,,
185,186,0.057044053450226784,0.00640679697971791,186,0.05603454874322285,0.0060394929981280165,,,,,,,,,,,,,,,,,,,,,,,,,,,,,,,,,,,,,,,,,,,,,,,,,,,,,,,,
186,187,0.058037467300891876,0.006627220660448074,187,0.056635424310523555,0.006215811296824034,,,,,,,,,,,,,,,,,,,,,,,,,,,,,,,,,,,,,,,,,,,,,,,,,,,,,,,,
187,188,0.05723764467984438,0.006529325735755265,188,0.0568160904213198,0.006309865628503403,,,,,,,,,,,,,,,,,,,,,,,,,,,,,,,,,,,,,,,,,,,,,,,,,,,,,,,,
188,189,0.05401256773620844,0.00580210133921355,189,0.05597503361578639,0.006157536341716448,,,,,,,,,,,,,,,,,,,,,,,,,,,,,,,,,,,,,,,,,,,,,,,,,,,,,,,,
189,190,0.05625294055789709,0.00584852509200573,190,0.056058405698419606,0.006064832966803232,,,,,,,,,,,,,,,,,,,,,,,,,,,,,,,,,,,,,,,,,,,,,,,,,,,,,,,,
190,191,0.05267244763672352,0.005507111782208085,191,0.05504261827991078,0.005897516611424688,,,,,,,,,,,,,,,,,,,,,,,,,,,,,,,,,,,,,,,,,,,,,,,,,,,,,,,,
191,192,0.057482125237584114,0.006184053607285023,192,0.055774470367212774,0.0059834777101827885,,,,,,,,,,,,,,,,,,,,,,,,,,,,,,,,,,,,,,,,,,,,,,,,,,,,,,,,
192,193,0.05383895058184862,0.005588374799117446,193,0.055193814431603525,0.005864946836863186,,,,,,,,,,,,,,,,,,,,,,,,,,,,,,,,,,,,,,,,,,,,,,,,,,,,,,,,
193,194,0.05386659223586321,0.005804454442113638,194,0.05479564777288143,0.005846799118438321,,,,,,,,,,,,,,,,,,,,,,,,,,,,,,,,,,,,,,,,,,,,,,,,,,,,,,,,
194,195,0.05254268366843462,0.005270933732390404,195,0.05411975854154739,0.0056740395026239464,,,,,,,,,,,,,,,,,,,,,,,,,,,,,,,,,,,,,,,,,,,,,,,,,,,,,,,,
195,196,0.05137171782553196,0.0053232364589348435,196,0.05329534632674276,0.005568798589517216,,,,,,,,,,,,,,,,,,,,,,,,,,,,,,,,,,,,,,,,,,,,,,,,,,,,,,,,
196,197,0.055048310197889805,0.005772448261268437,197,0.05382123548808687,0.005629893491042582,,,,,,,,,,,,,,,,,,,,,,,,,,,,,,,,,,,,,,,,,,,,,,,,,,,,,,,,
197,198,0.05203634966164827,0.005352431791834533,198,0.05328576974015529,0.005546654981280167,,,,,,,,,,,,,,,,,,,,,,,,,,,,,,,,,,,,,,,,,,,,,,,,,,,,,,,,
198,199,0.05659427493810654,0.006136390380561352,199,0.05427832129954066,0.005723575601064523,,,,,,,,,,,,,,,,,,,,,,,,,,,,,,,,,,,,,,,,,,,,,,,,,,,,,,,,
199,200,0.054254270158708096,0.005621288670226932,200,0.05427110595729089,0.005692889521813245,,,,,,,,,,,,,,,,,,,,,,,,,,,,,,,,,,,,,,,,,,,,,,,,,,,,,,,,
200,201,0.051470099948346615,0.005276095122098923,201,0.05343080415460761,0.0055678512018989485,,,,,,,,,,,,,,,,,,,,,,,,,,,,,,,,,,,,,,,,,,,,,,,,,,,,,,,,
201,202,0.05473655741661787,0.005735633778385818,202,0.05382253013321069,0.00561818597484501,,,,,,,,,,,,,,,,,,,,,,,,,,,,,,,,,,,,,,,,,,,,,,,,,,,,,,,,
202,203,0.05503414757549763,0.005817035911604762,203,0.054186015365896775,0.005677840955872936,,,,,,,,,,,,,,,,,,,,,,,,,,,,,,,,,,,,,,,,,,,,,,,,,,,,,,,,
203,204,0.05497744679450989,0.006189358187839389,204,0.05442344479448071,0.005831296125462872,,,,,,,,,,,,,,,,,,,,,,,,,,,,,,,,,,,,,,,,,,,,,,,,,,,,,,,,
204,205,0.0560514098033309,0.005923422169871628,205,0.05491183429713577,0.005858933938785499,,,,,,,,,,,,,,,,,,,,,,,,,,,,,,,,,,,,,,,,,,,,,,,,,,,,,,,,
205,206,0.053442949429154396,0.005543036386370659,206,0.05447116883674136,0.005764164673061047,,,,,,,,,,,,,,,,,,,,,,,,,,,,,,,,,,,,,,,,,,,,,,,,,,,,,,,,
206,207,0.0526961050927639,0.005444077774882317,207,0.05393864971354812,0.005668138603607428,,,,,,,,,,,,,,,,,,,,,,,,,,,,,,,,,,,,,,,,,,,,,,,,,,,,,,,,
207,208,0.05154684279114008,0.005255902069620788,208,0.053221107636825714,0.005544467643411435,,,,,,,,,,,,,,,,,,,,,,,,,,,,,,,,,,,,,,,,,,,,,,,,,,,,,,,,
208,209,0.05521405301988125,0.00631048996001482,209,0.053818991251742374,0.005774274338392451,,,,,,,,,,,,,,,,,,,,,,,,,,,,,,,,,,,,,,,,,,,,,,,,,,,,,,,,
209,210,0.050701635889708996,0.005127694341354072,210,0.052883784643132356,0.005580300339280937,,,,,,,,,,,,,,,,,,,,,,,,,,,,,,,,,,,,,,,,,,,,,,,,,,,,,,,,
210,211,0.05770923849195242,0.006526323384605348,211,0.054331420797778376,0.00586410725287826,,,,,,,,,,,,,,,,,,,,,,,,,,,,,,,,,,,,,,,,,,,,,,,,,,,,,,,,
211,212,0.05526377633213997,0.005962258903309703,212,0.054611127458086856,0.005893552748007693,,,,,,,,,,,,,,,,,,,,,,,,,,,,,,,,,,,,,,,,,,,,,,,,,,,,,,,,
212,213,0.06095482222735882,0.006827976671047509,213,0.05651423588886844,0.006173879924919638,,,,,,,,,,,,,,,,,,,,,,,,,,,,,,,,,,,,,,,,,,,,,,,,,,,,,,,,
213,214,0.04998794570565224,0.005066260928288102,214,0.054556348833903576,0.005841594225930177,,,,,,,,,,,,,,,,,,,,,,,,,,,,,,,,,,,,,,,,,,,,,,,,,,,,,,,,
214,215,0.050029315054416656,0.005013450514525175,215,0.05319823870005749,0.005593151112508676,,,,,,,,,,,,,,,,,,,,,,,,,,,,,,,,,,,,,,,,,,,,,,,,,,,,,,,,
215,216,0.056291437707841396,0.005923559539951384,216,0.05412619840239267,0.005692273640741489,,,,,,,,,,,,,,,,,,,,,,,,,,,,,,,,,,,,,,,,,,,,,,,,,,,,,,,,
216,217,0.052740639075636864,0.005601611803285778,217,0.053710530604365925,0.0056650750895047754,,,,,,,,,,,,,,,,,,,,,,,,,,,,,,,,,,,,,,,,,,,,,,,,,,,,,,,,
217,218,0.05465437564998865,0.005859391181729734,218,0.05399368411805274,0.005723369917172263,,,,,,,,,,,,,,,,,,,,,,,,,,,,,,,,,,,,,,,,,,,,,,,,,,,,,,,,
218,219,0.05291533004492521,0.005376981338486075,219,0.05367017789611449,0.005619453343566406,,,,,,,,,,,,,,,,,,,,,,,,,,,,,,,,,,,,,,,,,,,,,,,,,,,,,,,,
219,220,0.051545857451856136,0.005442009191028774,220,0.05303288176283698,0.005566220097805117,,,,,,,,,,,,,,,,,,,,,,,,,,,,,,,,,,,,,,,,,,,,,,,,,,,,,,,,
220,221,0.05073431693017483,0.0052759547252207994,221,0.052343312313038334,0.005479140486029822,,,,,,,,,,,,,,,,,,,,,,,,,,,,,,,,,,,,,,,,,,,,,,,,,,,,,,,,
221,222,0.05039207451045513,0.0052053125109523535,222,0.05175794097226337,0.005396992093506582,,,,,,,,,,,,,,,,,,,,,,,,,,,,,,,,,,,,,,,,,,,,,,,,,,,,,,,,
222,223,0.05296151712536812,0.005498932907357812,223,0.052119013818194795,0.005427574337661951,,,,,,,,,,,,,,,,,,,,,,,,,,,,,,,,,,,,,,,,,,,,,,,,,,,,,,,,
223,224,0.050880360417068005,0.005106003605760634,224,0.05174741779785676,0.005331103118091556,,,,,,,,,,,,,,,,,,,,,,,,,,,,,,,,,,,,,,,,,,,,,,,,,,,,,,,,
224,225,0.05400701891630888,0.0058426730101928115,225,0.05242529813339239,0.005484574085721932,,,,,,,,,,,,,,,,,,,,,,,,,,,,,,,,,,,,,,,,,,,,,,,,,,,,,,,,
225,226,0.05224873125553131,0.005360088078305125,226,0.05237232807003407,0.00544722828349689,,,,,,,,,,,,,,,,,,,,,,,,,,,,,,,,,,,,,,,,,,,,,,,,,,,,,,,,
226,227,0.05173450708389282,0.005241516046226025,227,0.0521809817741917,0.005385514612315631,,,,,,,,,,,,,,,,,,,,,,,,,,,,,,,,,,,,,,,,,,,,,,,,,,,,,,,,
227,228,0.050657824613153934,0.005177005543373525,228,0.051724034625880363,0.0053229618916329985,,,,,,,,,,,,,,,,,,,,,,,,,,,,,,,,,,,,,,,,,,,,,,,,,,,,,,,,
228,229,0.05166925769299269,0.005380208138376474,229,0.05170760154601406,0.005340135765656041,,,,,,,,,,,,,,,,,,,,,,,,,,,,,,,,,,,,,,,,,,,,,,,,,,,,,,,,
229,230,0.05009404383599758,0.005341120529919863,230,0.05122353423300911,0.0053404311949351874,,,,,,,,,,,,,,,,,,,,,,,,,,,,,,,,,,,,,,,,,,,,,,,,,,,,,,,,
230,231,0.05319699738174677,0.005702832597307861,231,0.051815573177630414,0.005449151615646989,,,,,,,,,,,,,,,,,,,,,,,,,,,,,,,,,,,,,,,,,,,,,,,,,,,,,,,,
231,232,0.049654219299554825,0.005110859172418714,232,0.05116716701420774,0.005347663882678507,,,,,,,,,,,,,,,,,,,,,,,,,,,,,,,,,,,,,,,,,,,,,,,,,,,,,,,,
232,233,0.05094850994646549,0.005184472422115505,233,0.05110156989388507,0.005298706444509606,,,,,,,,,,,,,,,,,,,,,,,,,,,,,,,,,,,,,,,,,,,,,,,,,,,,,,,,
233,234,0.051216382533311844,0.005374300992116332,234,0.0511360136857131,0.005321384808791624,,,,,,,,,,,,,,,,,,,,,,,,,,,,,,,,,,,,,,,,,,,,,,,,,,,,,,,,
234,235,0.05426962859928608,0.005964572192169726,235,0.05207609815978499,0.005514341023805055,,,,,,,,,,,,,,,,,,,,,,,,,,,,,,,,,,,,,,,,,,,,,,,,,,,,,,,,
235,236,0.05214520916342735,0.005488626309670508,236,0.0520968314608777,0.005506626609564691,,,,,,,,,,,,,,,,,,,,,,,,,,,,,,,,,,,,,,,,,,,,,,,,,,,,,,,,
236,237,0.053659084253013134,0.0059429401298984885,237,0.05256550729851833,0.005637520665664831,,,,,,,,,,,,,,,,,,,,,,,,,,,,,,,,,,,,,,,,,,,,,,,,,,,,,,,,
237,238,0.04913080111145973,0.005155873601324856,238,0.05153509544240075,0.0054930265463628385,,,,,,,,,,,,,,,,,,,,,,,,,,,,,,,,,,,,,,,,,,,,,,,,,,,,,,,,
238,239,0.05050475709140301,0.005178759223781526,239,0.05122599393710143,0.005398746349588444,,,,,,,,,,,,,,,,,,,,,,,,,,,,,,,,,,,,,,,,,,,,,,,,,,,,,,,,
239,240,0.052036515437066555,0.005391587037593126,240,0.05146915038709096,0.005396598555989849,,,,,,,,,,,,,,,,,,,,,,,,,,,,,,,,,,,,,,,,,,,,,,,,,,,,,,,,
240,241,0.0518955085426569,0.005528973764739931,241,0.05159705783376074,0.005436311118614873,,,,,,,,,,,,,,,,,,,,,,,,,,,,,,,,,,,,,,,,,,,,,,,,,,,,,,,,
241,242,0.05211428925395012,0.005306827486492693,242,0.051752227259817554,0.005397466028978219,,,,,,,,,,,,,,,,,,,,,,,,,,,,,,,,,,,,,,,,,,,,,,,,,,,,,,,,
242,243,0.049666210077703,0.005323327728547156,243,0.051126422105183186,0.0053752245388489,,,,,,,,,,,,,,,,,,,,,,,,,,,,,,,,,,,,,,,,,,,,,,,,,,,,,,,,
243,244,0.05174013786017895,0.005596811301074922,244,0.051310536831681915,0.005441700567516706,,,,,,,,,,,,,,,,,,,,,,,,,,,,,,,,,,,,,,,,,,,,,,,,,,,,,,,,
244,245,0.055907294154167175,0.00641433522105217,245,0.05268956402842749,0.0057334909635773455,,,,,,,,,,,,,,,,,,,,,,,,,,,,,,,,,,,,,,,,,,,,,,,,,,,,,,,,
245,246,0.04984615743160248,0.005151459132321179,246,0.051836542049379986,0.005558881414200496,,,,,,,,,,,,,,,,,,,,,,,,,,,,,,,,,,,,,,,,,,,,,,,,,,,,,,,,
246,247,0.050834604538977146,0.005353505723178387,247,0.051535960796259134,0.005497268706893863,,,,,,,,,,,,,,,,,,,,,,,,,,,,,,,,,,,,,,,,,,,,,,,,,,,,,,,,
247,248,0.050161696039140224,0.005270972149446607,248,0.051123681369123465,0.005429379739659687,,,,,,,,,,,,,,,,,,,,,,,,,,,,,,,,,,,,,,,,,,,,,,,,,,,,,,,,
248,249,0.05047116242349148,0.005402125418186188,249,0.050927925685433875,0.005421203443217637,,,,,,,,,,,,,,,,,,,,,,,,,,,,,,,,,,,,,,,,,,,,,,,,,,,,,,,,
249,250,0.052424888126552105,0.005436413106508553,250,0.051377014417769346,0.005425766342204912,,,,,,,,,,,,,,,,,,,,,,,,,,,,,,,,,,,,,,,,,,,,,,,,,,,,,,,,
250,251,0.05130697134882212,0.005241206847131252,251,0.05135600149708518,0.005370398493682814,,,,,,,,,,,,,,,,,,,,,,,,,,,,,,,,,,,,,,,,,,,,,,,,,,,,,,,,
251,252,0.04822368919849396,0.0051069826586171985,252,0.05041630780750781,0.005291373743163129,,,,,,,,,,,,,,,,,,,,,,,,,,,,,,,,,,,,,,,,,,,,,,,,,,,,,,,,
252,253,0.0497587313875556,0.005093712126836181,253,0.05021903488152215,0.005232075258265045,,,,,,,,,,,,,,,,,,,,,,,,,,,,,,,,,,,,,,,,,,,,,,,,,,,,,,,,
253,254,0.04961142782121897,0.005166945862583816,254,0.05003675276343119,0.005212536439560676,,,,,,,,,,,,,,,,,,,,,,,,,,,,,,,,,,,,,,,,,,,,,,,,,,,,,,,,
254,255,0.05077998712658882,0.0056029194965958595,255,0.050259723072378484,0.005329651356671231,,,,,,,,,,,,,,,,,,,,,,,,,,,,,,,,,,,,,,,,,,,,,,,,,,,,,,,,
255,256,0.052097490057349205,0.00560641591437161,256,0.0508110531678697,0.005412680723981345,,,,,,,,,,,,,,,,,,,,,,,,,,,,,,,,,,,,,,,,,,,,,,,,,,,,,,,,
256,257,0.05254071019589901,0.005362308234907687,257,0.051329950276278485,0.005397568977259248,,,,,,,,,,,,,,,,,,,,,,,,,,,,,,,,,,,,,,,,,,,,,,,,,,,,,,,,
257,258,0.049369136802852154,0.005275220726616681,258,0.05074170623425058,0.005360864502066478,,,,,,,,,,,,,,,,,,,,,,,,,,,,,,,,,,,,,,,,,,,,,,,,,,,,,,,,
258,259,0.04783857148140669,0.004908523173071444,259,0.04987076580839741,0.005225162103367967,,,,,,,,,,,,,,,,,,,,,,,,,,,,,,,,,,,,,,,,,,,,,,,,,,,,,,,,
259,260,0.0532817542552948,0.0053583013359457254,260,0.05089406234246663,0.005265103873141295,,,,,,,,,,,,,,,,,,,,,,,,,,,,,,,,,,,,,,,,,,,,,,,,,,,,,,,,
260,261,0.049585744738578796,0.005060968571342528,261,0.05050156706130028,0.005203863282601665,,,,,,,,,,,,,,,,,,,,,,,,,,,,,,,,,,,,,,,,,,,,,,,,,,,,,,,,
261,262,0.051524787209928036,0.0052464744076132774,262,0.050808533105888606,0.005216646620105148,,,,,,,,,,,,,,,,,,,,,,,,,,,,,,,,,,,,,,,,,,,,,,,,,,,,,,,,
262,263,0.047963655553758144,0.004927042522467673,263,0.04995506984024947,0.005129765390813905,,,,,,,,,,,,,,,,,,,,,,,,,,,,,,,,,,,,,,,,,,,,,,,,,,,,,,,,
263,264,0.0468701496720314,0.004846187657676637,264,0.04902959378978405,0.005044692070872725,,,,,,,,,,,,,,,,,,,,,,,,,,,,,,,,,,,,,,,,,,,,,,,,,,,,,,,,
264,265,0.049881838262081146,0.005083161289803684,265,0.04928526713147318,0.0050562328365520125,,,,,,,,,,,,,,,,,,,,,,,,,,,,,,,,,,,,,,,,,,,,,,,,,,,,,,,,
265,266,0.051996453665196896,0.005389330675825477,266,0.05009862309159029,0.005156162188334052,,,,,,,,,,,,,,,,,,,,,,,,,,,,,,,,,,,,,,,,,,,,,,,,,,,,,,,,
266,267,0.0481734536588192,0.004937481135129929,267,0.04952107226175896,0.005090557872372815,,,,,,,,,,,,,,,,,,,,,,,,,,,,,,,,,,,,,,,,,,,,,,,,,,,,,,,,
267,268,0.050310070626437664,0.005120372283272445,268,0.04975777177116257,0.005099502195642704,,,,,,,,,,,,,,,,,,,,,,,,,,,,,,,,,,,,,,,,,,,,,,,,,,,,,,,,
268,269,0.05531288031488657,0.006033324403688312,269,0.051424304334279775,0.005379648858056386,,,,,,,,,,,,,,,,,,,,,,,,,,,,,,,,,,,,,,,,,,,,,,,,,,,,,,,,
269,270,0.04730848129838705,0.004975060699507594,270,0.05018955742351196,0.005258272410491749,,,,,,,,,,,,,,,,,,,,,,,,,,,,,,,,,,,,,,,,,,,,,,,,,,,,,,,,
270,271,0.05174175836145878,0.005316641414538026,271,0.050655217704896,0.005275783111705632,,,,,,,,,,,,,,,,,,,,,,,,,,,,,,,,,,,,,,,,,,,,,,,,,,,,,,,,
271,272,0.049940453842282295,0.00525448884582147,272,0.050440788546111885,0.005269394831940383,,,,,,,,,,,,,,,,,,,,,,,,,,,,,,,,,,,,,,,,,,,,,,,,,,,,,,,,
272,273,0.0467792134732008,0.004981886246241629,273,0.04934231602423855,0.005183142256230757,,,,,,,,,,,,,,,,,,,,,,,,,,,,,,,,,,,,,,,,,,,,,,,,,,,,,,,,
273,274,0.052247301675379276,0.0058338959934189916,274,0.05021381171958077,0.005378368377387227,,,,,,,,,,,,,,,,,,,,,,,,,,,,,,,,,,,,,,,,,,,,,,,,,,,,,,,,
274,275,0.046440585516393185,0.00483926513697952,275,0.04908184385862449,0.005216637405264915,,,,,,,,,,,,,,,,,,,,,,,,,,,,,,,,,,,,,,,,,,,,,,,,,,,,,,,,
275,276,0.05150238610804081,0.005361727089621127,276,0.04980800653344939,0.005260164310571779,,,,,,,,,,,,,,,,,,,,,,,,,,,,,,,,,,,,,,,,,,,,,,,,,,,,,,,,
276,277,0.046910799108445644,0.004716218274552375,277,0.04893884430594827,0.005096980499765958,,,,,,,,,,,,,,,,,,,,,,,,,,,,,,,,,,,,,,,,,,,,,,,,,,,,,,,,
277,278,0.04948221426457167,0.0049368771724402905,278,0.04910185529353529,0.005048949501568258,,,,,,,,,,,,,,,,,,,,,,,,,,,,,,,,,,,,,,,,,,,,,,,,,,,,,,,,
278,279,0.051177035085856915,0.005243960884399712,279,0.04972440923123178,0.0051074529164176945,,,,,,,,,,,,,,,,,,,,,,,,,,,,,,,,,,,,,,,,,,,,,,,,,,,,,,,,
279,280,0.04630479495972395,0.004656459088437259,280,0.04869852494977943,0.0049721547680235635,,,,,,,,,,,,,,,,,,,,,,,,,,,,,,,,,,,,,,,,,,,,,,,,,,,,,,,,
280,281,0.0515413386747241,0.005573709961026907,281,0.04955136906726283,0.0051526213259245664,,,,,,,,,,,,,,,,,,,,,,,,,,,,,,,,,,,,,,,,,,,,,,,,,,,,,,,,
281,282,0.04743554163724184,0.0049818349070847034,282,0.048916620838256535,0.0051013854002726075,,,,,,,,,,,,,,,,,,,,,,,,,,,,,,,,,,,,,,,,,,,,,,,,,,,,,,,,
282,283,0.04844229854643345,0.005057793052401394,283,0.048774324150709605,0.005088307695911243,,,,,,,,,,,,,,,,,,,,,,,,,,,,,,,,,,,,,,,,,,,,,,,,,,,,,,,,
283,284,0.048523398116230965,0.005204316577874124,284,0.04869904634036601,0.005123110360500107,,,,,,,,,,,,,,,,,,,,,,,,,,,,,,,,,,,,,,,,,,,,,,,,,,,,,,,,
284,285,0.04607142601162195,0.00485578941879794,285,0.04791076024174279,0.005042914077989457,,,,,,,,,,,,,,,,,,,,,,,,,,,,,,,,,,,,,,,,,,,,,,,,,,,,,,,,
285,286,0.048376426100730896,0.004943496431224048,286,0.04805045999943922,0.005013088783959834,,,,,,,,,,,,,,,,,,,,,,,,,,,,,,,,,,,,,,,,,,,,,,,,,,,,,,,,
286,287,0.0460736034438014,0.004775149340275675,287,0.047457403032747876,0.004941706950854587,,,,,,,,,,,,,,,,,,,,,,,,,,,,,,,,,,,,,,,,,,,,,,,,,,,,,,,,
287,288,0.04690686892718077,0.004733791865874082,288,0.047292242801077744,0.004879332425360435,,,,,,,,,,,,,,,,,,,,,,,,,,,,,,,,,,,,,,,,,,,,,,,,,,,,,,,,
288,289,0.04766183812171221,0.0049513515550643206,289,0.047403121397268086,0.004900938164271601,,,,,,,,,,,,,,,,,,,,,,,,,,,,,,,,,,,,,,,,,,,,,,,,,,,,,,,,
289,290,0.05274707917124033,0.00532280548941344,290,0.049006308729459755,0.005027498361814153,,,,,,,,,,,,,,,,,,,,,,,,,,,,,,,,,,,,,,,,,,,,,,,,,,,,,,,,
290,291,0.049230641685426235,0.0049365098820999265,291,0.0490736086162497,0.005000201817899885,,,,,,,,,,,,,,,,,,,,,,,,,,,,,,,,,,,,,,,,,,,,,,,,,,,,,,,,
291,292,0.04742914717644453,0.0049468016950413585,292,0.048580270184308154,0.004984181781042327,,,,,,,,,,,,,,,,,,,,,,,,,,,,,,,,,,,,,,,,,,,,,,,,,,,,,,,,
292,293,0.04420378711074591,0.004540024907328188,293,0.04726732526223948,0.004850934718928085,,,,,,,,,,,,,,,,,,,,,,,,,,,,,,,,,,,,,,,,,,,,,,,,,,,,,,,,
293,294,0.04807106498628855,0.00477943813893944,294,0.0475084471794542,0.004829485744931492,,,,,,,,,,,,,,,,,,,,,,,,,,,,,,,,,,,,,,,,,,,,,,,,,,,,,,,,
294,295,0.04939169995486736,0.004842230235226452,295,0.04807342301207815,0.00483330909201998,,,,,,,,,,,,,,,,,,,,,,,,,,,,,,,,,,,,,,,,,,,,,,,,,,,,,,,,
295,296,0.048776574432849884,0.004968338995240629,296,0.048284368438309674,0.004873818062986175,,,,,,,,,,,,,,,,,,,,,,,,,,,,,,,,,,,,,,,,,,,,,,,,,,,,,,,,
296,297,0.04708525259047747,0.004963739891536534,297,0.04792463368396001,0.004900794611551283,,,,,,,,,,,,,,,,,,,,,,,,,,,,,,,,,,,,,,,,,,,,,,,,,,,,,,,,
297,298,0.05421318672597408,0.005747082410380244,298,0.04981119959656423,0.005154680951199971,,,,,,,,,,,,,,,,,,,,,,,,,,,,,,,,,,,,,,,,,,,,,,,,,,,,,,,,
298,299,0.045617640018463135,0.004708820895757526,299,0.0485531317231339,0.0050209229345672375,,,,,,,,,,,,,,,,,,,,,,,,,,,,,,,,,,,,,,,,,,,,,,,,,,,,,,,,
299,300,0.04583683330565691,0.0047468740958720446,300,0.0477382421978908,0.004938708282958679,,,,,,,,,,,,,,,,,,,,,,,,,,,,,,,,,,,,,,,,,,,,,,,,,,,,,,,,
