Time,Current,pH,Temperature,Rinse,Concentration
0,-3.09372,6.4,24,1,0.9
1,-2.03133,6.4,24,1,0.9
2,-1.90639,6.4,24,1,0.9
3,-1.71876,6.4,24,1,0.9
4,-1.34373,6.4,24,1,0.9
5,-1.1344,6.4,24,1,0.9
6,-1.04065,6.4,24,1,0.9
7,-0.971889,6.4,24,1,0.9
8,-0.9094,6.4,24,1,0.9
9,-0.86565,6.4,24,1,0.9
10,-0.81345,6.4,24,1,0.9
11,-0.776575,6.4,24,1,0.9
12,-0.744699,6.4,24,1,0.9
13,-0.716574,6.4,24,1,0.9
14,-0.691574,6.4,24,1,0.9
15,-0.668448,6.4,24,1,0.9
16,-0.647823,6.4,24,1,0.9
17,-0.629072,6.4,24,1,0.9
18,-0.611572,6.4,24,1,0.9
19,-0.595322,6.4,24,1,0.9
20,-0.580946,6.4,24,1,0.9
21,-0.567197,6.4,24,1,0.9
22,-0.554072,6.4,24,1,0.9
23,-0.542196,6.4,24,1,0.9
24,-0.531571,6.4,24,1,0.9
25,-0.520946,6.4,24,1,0.9
26,-0.51157,6.4,24,1,0.9
27,-0.502195,6.4,24,1,0.9
28,-0.493445,6.4,24,1,0.9
29,-0.48532,6.4,24,1,0.9
30,-0.477195,6.4,24,1,0.9
31,-0.470319,6.4,24,1,0.9
32,-0.462821,6.4,24,1,0.9
33,-0.455945,6.4,24,1,0.9
34,-0.449696,6.4,24,1,0.9
35,-0.444069,6.4,24,1,0.9
36,-0.43782,6.4,24,1,0.9
37,-0.432193,6.4,24,1,0.9
38,-0.427194,6.4,24,1,0.9
39,-0.421569,6.4,24,1,0.9
40,-0.417194,6.4,24,1,0.9
41,-0.412195,6.4,24,1,0.9
42,-0.40782,6.4,24,1,0.9
43,-0.403445,6.4,24,1,0.9
44,-0.399694,6.4,24,1,0.9
45,-0.393537,6.4,24,1,0.9
46,-0.389537,6.4,24,1,0.9
47,-0.385662,6.4,24,1,0.9
48,-0.381975,6.4,24,1,0.9
49,-0.378412,6.4,24,1,0.9
50,-0.374974,6.4,24,1,0.9
0,-2.03133,7.04,30,1,0.8
1,-1.78123,7.04,30,1,0.8
2,-1.28126,7.04,30,1,0.8
3,-1.0314,7.04,30,1,0.8
4,-0.968695,7.04,30,1,0.8
5,-0.85938,7.04,30,1,0.8
6,-0.79689,7.04,30,1,0.8
7,-0.75314,7.04,30,1,0.8
8,-0.715637,7.04,30,1,0.8
9,-0.684381,7.04,30,1,0.8
10,-0.647823,7.04,30,1,0.8
11,-0.622197,7.04,30,1,0.8
12,-0.598447,7.04,30,1,0.8
13,-0.577822,7.04,30,1,0.8
14,-0.558447,7.04,30,1,0.8
15,-0.540321,7.04,30,1,0.8
16,-0.52407,7.04,30,1,0.8
17,-0.50907,7.04,30,1,0.8
18,-0.495945,7.04,30,1,0.8
19,-0.48282,7.04,30,1,0.8
20,-0.47157,7.04,30,1,0.8
21,-0.46032,7.04,30,1,0.8
22,-0.45032,7.04,30,1,0.8
23,-0.440943,7.04,30,1,0.8
24,-0.43282,7.04,30,1,0.8
25,-0.424695,7.04,30,1,0.8
26,-0.415975,7.04,30,1,0.8
27,-0.408975,7.04,30,1,0.8
28,-0.402537,7.04,30,1,0.8
29,-0.396537,7.04,30,1,0.8
30,-0.391037,7.04,30,1,0.8
31,-0.385912,7.04,30,1,0.8
32,-0.381225,7.04,30,1,0.8
33,-0.377037,7.04,30,1,0.8
34,-0.373349,7.04,30,1,0.8
35,-0.370162,7.04,30,1,0.8
36,-0.367412,7.04,30,1,0.8
37,-0.365412,7.04,30,1,0.8
38,-0.363849,7.04,30,1,0.8
39,-0.363037,7.04,30,1,0.8
40,-0.362787,7.04,30,1,0.8
41,-0.363099,7.04,30,1,0.8
42,-0.364099,7.04,30,1,0.8
43,-0.365537,7.04,30,1,0.8
44,-0.367412,7.04,30,1,0.8
45,-0.369537,7.04,30,1,0.8
46,-0.371849,7.04,30,1,0.8
47,-0.374225,7.04,30,1,0.8
48,-0.3766,7.04,30,1,0.8
49,-0.378975,7.04,30,1,0.8
50,-0.381037,7.04,30,1,0.8
0,-1.34,7.4,24,0,0.81
0,-1.16,7.4,24,0,0.81
0,-1.09,7.4,24,0,0.81
0,-3.03,7.4,24,0,1.6
0,-2.97,7.4,24,0,1.6
0,-2.91,7.4,24,0,1.6
0,-3.97,7.4,24,0,2.2
0,-3.91,7.4,24,0,2.2
0,-3.91,7.4,24,0,2.2
0,-8.03,7.4,24,0,3.93
0,-7.53,7.4,24,0,3.93
0,-7.03,7.4,24,0,3.93
0,-10.2,7.4,24,0,4.85
0,-9.59,7.4,24,0,4.85
0,-8.97,7.4,24,0,4.85
0,-2.91,7.4,24,0,0.85
0,-2.22,7.4,24,0,0.85
0,-2.03,7.4,24,0,0.85
0,-3.34,7.4,24,0,1.13
0,-3.03,7.4,24,0,1.13
0,-2.97,7.4,24,0,1.13
0,-5.91,7.4,24,0,2.03
0,-5.91,7.4,24,0,2.03
0,-5.91,7.4,24,0,2.03
0,-11.2,7.4,24,0,4
0,-10.8,7.4,24,0,4
0,-10.8,7.4,24,0,4
0,-16.3,7.4,24,0,5.64
0,-16,7.4,24,0,5.64
0,-15.8,7.4,24,0,5.64
1,-0.969,7.4,24,0,0.81
1,-0.969,7.4,24,0,0.81
1,-0.906,7.4,24,0,0.81
1,-2.22,7.4,24,0,1.6
1,-2.03,7.4,24,0,1.6
1,-2.03,7.4,24,0,1.6
1,-2.97,7.4,24,0,2.2
1,-2.91,7.4,24,0,2.2
1,-2.91,7.4,24,0,2.2
1,-5.91,7.4,24,0,3.93
1,-5.41,7.4,24,0,3.93
1,-5.03,7.4,24,0,3.93
1,-7.41,7.4,24,0,4.85
1,-6.91,7.4,24,0,4.85
1,-6.59,7.4,24,0,4.85
1,-1.91,7.4,24,0,0.85
1,-1.72,7.4,24,0,0.85
1,-1.53,7.4,24,0,0.85
1,-2.16,7.4,24,0,1.13
1,-2.03,7.4,24,0,1.13
1,-1.97,7.4,24,0,1.13
1,-3.97,7.4,24,0,2.03
1,-3.97,7.4,24,0,2.03
1,-3.97,7.4,24,0,2.03
1,-7.91,7.4,24,0,4
1,-7.72,7.4,24,0,4
1,-7.78,7.4,24,0,4
1,-11.6,7.4,24,0,5.64
1,-11.3,7.4,24,0,5.64
1,-11.2,7.4,24,0,5.64
2,-0.906,7.4,24,0,0.81
2,-0.906,7.4,24,0,0.81
2,-0.906,7.4,24,0,0.81
2,-1.97,7.4,24,0,1.6
2,-1.91,7.4,24,0,1.6
2,-1.91,7.4,24,0,1.6
2,-2.72,7.4,24,0,2.2
2,-2.53,7.4,24,0,2.2
2,-2.47,7.4,24,0,2.2
2,-4.91,7.4,24,0,3.93
2,-4.53,7.4,24,0,3.93
2,-4.09,7.4,24,0,3.93
2,-5.97,7.4,24,0,4.85
2,-5.84,7.4,24,0,4.85
2,-5.34,7.4,24,0,4.85
2,-1.34,7.4,24,0,0.85
2,-1.16,7.4,24,0,0.85
2,-1.09,7.4,24,0,0.85
2,-1.91,7.4,24,0,1.13
2,-1.91,7.4,24,0,1.13
2,-1.84,7.4,24,0,1.13
2,-3.16,7.4,24,0,2.03
2,-3.16,7.4,24,0,2.03
2,-3.09,7.4,24,0,2.03
2,-6.34,7.4,24,0,4
2,-6.03,7.4,24,0,4
2,-6.03,7.4,24,0,4
2,-9.41,7.4,24,0,5.64
2,-9.16,7.4,24,0,5.64
2,-9.09,7.4,24,0,5.64
3,-0.906,7.4,24,0,0.81
3,-0.906,7.4,24,0,0.81
3,-0.906,7.4,24,0,0.81
3,-1.91,7.4,24,0,1.6
3,-1.84,7.4,24,0,1.6
3,-1.84,7.4,24,0,1.6
3,-2.09,7.4,24,0,2.2
3,-2.03,7.4,24,0,2.2
3,-1.97,7.4,24,0,2.2
3,-4.03,7.4,24,0,3.93
3,-3.91,7.4,24,0,3.93
3,-3.84,7.4,24,0,3.93
3,-5.34,7.4,24,0,4.85
3,-4.97,7.4,24,0,4.85
3,-4.91,7.4,24,0,4.85
3,-1.03,7.4,24,0,0.85
3,-0.969,7.4,24,0,0.85
3,-0.969,7.4,24,0,0.85
3,-1.72,7.4,24,0,1.13
3,-1.59,7.4,24,0,1.13
3,-1.53,7.4,24,0,1.13
3,-2.91,7.4,24,0,2.03
3,-2.91,7.4,24,0,2.03
3,-2.91,7.4,24,0,2.03
3,-5.59,7.4,24,0,4
3,-5.34,7.4,24,0,4
3,-5.28,7.4,24,0,4
3,-8.03,7.4,24,0,5.64
3,-7.97,7.4,24,0,5.64
3,-7.97,7.4,24,0,5.64
4,-0.906,7.4,24,0,0.81
4,-0.906,7.4,24,0,0.81
4,-0.906,7.4,24,0,0.81
4,-1.78,7.4,24,0,1.6
4,-1.72,7.4,24,0,1.6
4,-1.66,7.4,24,0,1.6
4,-1.97,7.4,24,0,2.2
4,-1.97,7.4,24,0,2.2
4,-1.91,7.4,24,0,2.2
4,-3.84,7.4,24,0,3.93
4,-3.66,7.4,24,0,3.93
4,-3.28,7.4,24,0,3.93
4,-4.91,7.4,24,0,4.85
4,-4.66,7.4,24,0,4.85
4,-4.16,7.4,24,0,4.85
4,-0.969,7.4,24,0,0.85
4,-0.906,7.4,24,0,0.85
4,-0.906,7.4,24,0,0.85
4,-1.34,7.4,24,0,1.13
4,-1.28,7.4,24,0,1.13
4,-1.22,7.4,24,0,1.13
4,-2.66,7.4,24,0,2.03
4,-2.72,7.4,24,0,2.03
4,-2.59,7.4,24,0,2.03
4,-4.91,7.4,24,0,4
4,-4.91,7.4,24,0,4
4,-4.91,7.4,24,0,4
4,-7.16,7.4,24,0,5.64
4,-7.09,7.4,24,0,5.64
4,-7.03,7.4,24,0,5.64
5,-0.572,7.4,24,0,0.81
5,-0.547,7.4,24,0,0.81
5,-0.522,7.4,24,0,0.81
5,-1.36,7.4,24,0,1.6
5,-1.33,7.4,24,0,1.6
5,-1.31,7.4,24,0,1.6
5,-1.77,7.4,24,0,2.2
5,-1.7,7.4,24,0,2.2
5,-1.68,7.4,24,0,2.2
5,-3.25,7.4,24,0,3.93
5,-3.08,7.4,24,0,3.93
5,-2.92,7.4,24,0,3.93
5,-4.3,7.4,24,0,4.85
5,-3.98,7.4,24,0,4.85
5,-3.77,7.4,24,0,4.85
5,-0.803,7.4,24,0,0.85
5,-0.747,7.4,24,0,0.85
5,-0.722,7.4,24,0,0.85
5,-1.14,7.4,24,0,1.13
5,-1.09,7.4,24,0,1.13
5,-1.07,7.4,24,0,1.13
5,-2.18,7.4,24,0,2.03
5,-2.19,7.4,24,0,2.03
5,-2.15,7.4,24,0,2.03
5,-4.34,7.4,24,0,4
5,-4.24,7.4,24,0,4
5,-4.21,7.4,24,0,4
5,-6.48,7.4,24,0,5.64
5,-6.42,7.4,24,0,5.64
5,-6.36,7.4,24,0,5.64
6,-0.522,7.4,24,0,0.81
6,-0.503,7.4,24,0,0.81
6,-0.491,7.4,24,0,0.81
6,-1.27,7.4,24,0,1.6
6,-1.25,7.4,24,0,1.6
6,-1.23,7.4,24,0,1.6
6,-1.65,7.4,24,0,2.2
6,-1.59,7.4,24,0,2.2
6,-1.57,7.4,24,0,2.2
6,-3.01,7.4,24,0,3.93
6,-2.86,7.4,24,0,3.93
6,-2.7,7.4,24,0,3.93
6,-3.99,7.4,24,0,4.85
6,-3.7,7.4,24,0,4.85
6,-3.5,7.4,24,0,4.85
6,-0.734,7.4,24,0,0.85
6,-0.684,7.4,24,0,0.85
6,-0.659,7.4,24,0,0.85
6,-1.04,7.4,24,0,1.13
6,-1,7.4,24,0,1.13
6,-0.978,7.4,24,0,1.13
6,-2,7.4,24,0,2.03
6,-2.02,7.4,24,0,2.03
6,-1.98,7.4,24,0,2.03
6,-4,7.4,24,0,4
6,-3.92,7.4,24,0,4
6,-3.88,7.4,24,0,4
6,-5.98,7.4,24,0,5.64
6,-5.93,7.4,24,0,5.64
6,-5.88,7.4,24,0,5.64
7,-0.497,7.4,24,0,0.81
7,-0.491,7.4,24,0,0.81
7,-0.472,7.4,24,0,0.81
7,-1.2,7.4,24,0,1.6
7,-1.18,7.4,24,0,1.6
7,-1.17,7.4,24,0,1.6
7,-1.55,7.4,24,0,2.2
7,-1.5,7.4,24,0,2.2
7,-1.48,7.4,24,0,2.2
7,-2.82,7.4,24,0,3.93
7,-2.68,7.4,24,0,3.93
7,-2.53,7.4,24,0,3.93
7,-3.74,7.4,24,0,4.85
7,-3.47,7.4,24,0,4.85
7,-3.28,7.4,24,0,4.85
7,-0.678,7.4,24,0,0.85
7,-0.634,7.4,24,0,0.85
7,-0.616,7.4,24,0,0.85
7,-0.959,7.4,24,0,1.13
7,-0.941,7.4,24,0,1.13
7,-0.916,7.4,24,0,1.13
7,-1.88,7.4,24,0,2.03
7,-1.88,7.4,24,0,2.03
7,-1.85,7.4,24,0,2.03
7,-3.73,7.4,24,0,4
7,-3.66,7.4,24,0,4
7,-3.63,7.4,24,0,4
7,-5.58,7.4,24,0,5.64
7,-5.53,7.4,24,0,5.64
7,-5.5,7.4,24,0,5.64
8,-0.478,7.4,24,0,0.81
8,-0.466,7.4,24,0,0.81
8,-0.447,7.4,24,0,0.81
8,-1.15,7.4,24,0,1.6
8,-1.13,7.4,24,0,1.6
8,-1.1,7.4,24,0,1.6
8,-1.47,7.4,24,0,2.2
8,-1.43,7.4,24,0,2.2
8,-1.4,7.4,24,0,2.2
8,-2.67,7.4,24,0,3.93
8,-2.52,7.4,24,0,3.93
8,-2.39,7.4,24,0,3.93
8,-3.53,7.4,24,0,4.85
8,-3.28,7.4,24,0,4.85
8,-3.1,7.4,24,0,4.85
8,-0.628,7.4,24,0,0.85
8,-0.591,7.4,24,0,0.85
8,-0.572,7.4,24,0,0.85
8,-0.903,7.4,24,0,1.13
8,-0.878,7.4,24,0,1.13
8,-0.853,7.4,24,0,1.13
8,-1.77,7.4,24,0,2.03
8,-1.78,7.4,24,0,2.03
8,-1.75,7.4,24,0,2.03
8,-3.52,7.4,24,0,4
8,-3.45,7.4,24,0,4
8,-3.42,7.4,24,0,4
8,-5.25,7.4,24,0,5.64
8,-5.22,7.4,24,0,5.64
8,-5.18,7.4,24,0,5.64
9,-0.453,7.4,24,0,0.81
9,-0.441,7.4,24,0,0.81
9,-0.428,7.4,24,0,0.81
9,-1.09,7.4,24,0,1.6
9,-1.08,7.4,24,0,1.6
9,-1.07,7.4,24,0,1.6
9,-1.4,7.4,24,0,2.2
9,-1.37,7.4,24,0,2.2
9,-1.34,7.4,24,0,2.2
9,-2.53,7.4,24,0,3.93
9,-2.4,7.4,24,0,3.93
9,-2.27,7.4,24,0,3.93
9,-3.37,7.4,24,0,4.85
9,-3.11,7.4,24,0,4.85
9,-2.95,7.4,24,0,4.85
9,-0.584,7.4,24,0,0.85
9,-0.559,7.4,24,0,0.85
9,-0.541,7.4,24,0,0.85
9,-0.847,7.4,24,0,1.13
9,-0.828,7.4,24,0,1.13
9,-0.809,7.4,24,0,1.13
9,-1.68,7.4,24,0,2.03
9,-1.68,7.4,24,0,2.03
9,-1.65,7.4,24,0,2.03
9,-3.33,7.4,24,0,4
9,-3.27,7.4,24,0,4
9,-3.24,7.4,24,0,4
9,-4.98,7.4,24,0,5.64
9,-4.94,7.4,24,0,5.64
9,-4.91,7.4,24,0,5.64
10,-0.429,7.4,24,0,0.81
10,-0.418,7.4,24,0,0.81
10,-0.409,7.4,24,0,0.81
10,-1.05,7.4,24,0,1.6
10,-1.04,7.4,24,0,1.6
10,-1.02,7.4,24,0,1.6
10,-1.34,7.4,24,0,2.2
10,-1.3,7.4,24,0,2.2
10,-1.28,7.4,24,0,2.2
10,-2.41,7.4,24,0,3.93
10,-2.28,7.4,24,0,3.93
10,-2.17,7.4,24,0,3.93
10,-3.21,7.4,24,0,4.85
10,-2.97,7.4,24,0,4.85
10,-2.82,7.4,24,0,4.85
10,-0.55,7.4,24,0,0.85
10,-0.526,7.4,24,0,0.85
10,-0.512,7.4,24,0,0.85
10,-0.799,7.4,24,0,1.13
10,-0.784,7.4,24,0,1.13
10,-0.765,7.4,24,0,1.13
10,-1.6,7.4,24,0,2.03
10,-1.6,7.4,24,0,2.03
10,-1.57,7.4,24,0,2.03
10,-3.17,7.4,24,0,4
10,-3.12,7.4,24,0,4
10,-3.08,7.4,24,0,4
10,-4.74,7.4,24,0,5.64
10,-4.71,7.4,24,0,5.64
10,-4.67,7.4,24,0,5.64
11,-0.413,7.4,24,0,0.81
11,-0.403,7.4,24,0,0.81
11,-0.395,7.4,24,0,0.81
11,-1.01,7.4,24,0,1.6
11,-0.999,7.4,24,0,1.6
11,-0.98,7.4,24,0,1.6
11,-1.29,7.4,24,0,2.2
11,-1.25,7.4,24,0,2.2
11,-1.23,7.4,24,0,2.2
11,-2.31,7.4,24,0,3.93
11,-2.19,7.4,24,0,3.93
11,-2.07,7.4,24,0,3.93
11,-3.07,7.4,24,0,4.85
11,-2.85,7.4,24,0,4.85
11,-2.71,7.4,24,0,4.85
11,-0.522,7.4,24,0,0.85
11,-0.502,7.4,24,0,0.85
11,-0.488,7.4,24,0,0.85
11,-0.76,7.4,24,0,1.13
11,-0.749,7.4,24,0,1.13
11,-0.73,7.4,24,0,1.13
11,-1.53,7.4,24,0,2.03
11,-1.53,7.4,24,0,2.03
11,-1.5,7.4,24,0,2.03
11,-3.03,7.4,24,0,4
11,-2.98,7.4,24,0,4
11,-2.95,7.4,24,0,4
11,-4.53,7.4,24,0,5.64
11,-4.5,7.4,24,0,5.64
11,-4.47,7.4,24,0,5.64
12,-0.399,7.4,24,0,0.81
12,-0.39,7.4,24,0,0.81
12,-0.382,7.4,24,0,0.81
12,-0.978,7.4,24,0,1.6
12,-0.966,7.4,24,0,1.6
12,-0.948,7.4,24,0,1.6
12,-1.24,7.4,24,0,2.2
12,-1.21,7.4,24,0,2.2
12,-1.19,7.4,24,0,2.2
12,-2.22,7.4,24,0,3.93
12,-2.1,7.4,24,0,3.93
12,-1.99,7.4,24,0,3.93
12,-2.96,7.4,24,0,4.85
12,-2.74,7.4,24,0,4.85
12,-2.61,7.4,24,0,4.85
12,-0.504,7.4,24,0,0.85
12,-0.48,7.4,24,0,0.85
12,-0.468,7.4,24,0,0.85
12,-0.727,7.4,24,0,1.13
12,-0.717,7.4,24,0,1.13
12,-0.7,7.4,24,0,1.13
12,-1.47,7.4,24,0,2.03
12,-1.47,7.4,24,0,2.03
12,-1.44,7.4,24,0,2.03
12,-2.91,7.4,24,0,4
12,-2.87,7.4,24,0,4
12,-2.83,7.4,24,0,4
12,-4.35,7.4,24,0,5.64
12,-4.32,7.4,24,0,5.64
12,-4.29,7.4,24,0,5.64
13,-0.386,7.4,24,0,0.81
13,-0.377,7.4,24,0,0.81
13,-0.37,7.4,24,0,0.81
13,-0.948,7.4,24,0,1.6
13,-0.936,7.4,24,0,1.6
13,-0.919,7.4,24,0,1.6
13,-1.2,7.4,24,0,2.2
13,-1.17,7.4,24,0,2.2
13,-1.15,7.4,24,0,2.2
13,-2.14,7.4,24,0,3.93
13,-2.02,7.4,24,0,3.93
13,-1.92,7.4,24,0,3.93
13,-2.85,7.4,24,0,4.85
13,-2.64,7.4,24,0,4.85
13,-2.53,7.4,24,0,4.85
13,-0.484,7.4,24,0,0.85
13,-0.462,7.4,24,0,0.85
13,-0.451,7.4,24,0,0.85
13,-0.697,7.4,24,0,1.13
13,-0.689,7.4,24,0,1.13
13,-0.674,7.4,24,0,1.13
13,-1.41,7.4,24,0,2.03
13,-1.41,7.4,24,0,2.03
13,-1.39,7.4,24,0,2.03
13,-2.8,7.4,24,0,4
13,-2.76,7.4,24,0,4
13,-2.72,7.4,24,0,4
13,-4.18,7.4,24,0,5.64
13,-4.16,7.4,24,0,5.64
13,-4.13,7.4,24,0,5.64
14,-0.374,7.4,24,0,0.81
14,-0.366,7.4,24,0,0.81
14,-0.36,7.4,24,0,0.81
14,-0.921,7.4,24,0,1.6
14,-0.909,7.4,24,0,1.6
14,-0.892,7.4,24,0,1.6
14,-1.16,7.4,24,0,2.2
14,-1.13,7.4,24,0,2.2
14,-1.12,7.4,24,0,2.2
14,-2.06,7.4,24,0,3.93
14,-1.96,7.4,24,0,3.93
14,-1.86,7.4,24,0,3.93
14,-2.76,7.4,24,0,4.85
14,-2.55,7.4,24,0,4.85
14,-2.46,7.4,24,0,4.85
14,-0.461,7.4,24,0,0.85
14,-0.444,7.4,24,0,0.85
14,-0.435,7.4,24,0,0.85
14,-0.672,7.4,24,0,1.13
14,-0.664,7.4,24,0,1.13
14,-0.65,7.4,24,0,1.13
14,-1.36,7.4,24,0,2.03
14,-1.36,7.4,24,0,2.03
14,-1.34,7.4,24,0,2.03
14,-2.7,7.4,24,0,4
14,-2.67,7.4,24,0,4
14,-2.63,7.4,24,0,4
14,-4.04,7.4,24,0,5.64
14,-4.01,7.4,24,0,5.64
14,-3.99,7.4,24,0,5.64
15,-0.362,7.4,24,0,0.81
15,-0.355,7.4,24,0,0.81
15,-0.349,7.4,24,0,0.81
15,-0.897,7.4,24,0,1.6
15,-0.884,7.4,24,0,1.6
15,-0.867,7.4,24,0,1.6
15,-1.13,7.4,24,0,2.2
15,-1.1,7.4,24,0,2.2
15,-1.09,7.4,24,0,2.2
15,-2,7.4,24,0,3.93
15,-1.89,7.4,24,0,3.93
15,-1.8,7.4,24,0,3.93
15,-2.67,7.4,24,0,4.85
15,-2.47,7.4,24,0,4.85
15,-2.39,7.4,24,0,4.85
15,-0.442,7.4,24,0,0.85
15,-0.429,7.4,24,0,0.85
15,-0.42,7.4,24,0,0.85
15,-0.648,7.4,24,0,1.13
15,-0.642,7.4,24,0,1.13
15,-0.629,7.4,24,0,1.13
15,-1.32,7.4,24,0,2.03
15,-1.32,7.4,24,0,2.03
15,-1.3,7.4,24,0,2.03
15,-2.61,7.4,24,0,4
15,-2.58,7.4,24,0,4
15,-2.54,7.4,24,0,4
15,-3.91,7.4,24,0,5.64
15,-3.88,7.4,24,0,5.64
15,-3.86,7.4,24,0,5.64
16,-0.352,7.4,24,0,0.81
16,-0.346,7.4,24,0,0.81
16,-0.34,7.4,24,0,0.81
16,-0.874,7.4,24,0,1.6
16,-0.862,7.4,24,0,1.6
16,-0.845,7.4,24,0,1.6
16,-1.1,7.4,24,0,2.2
16,-1.07,7.4,24,0,2.2
16,-1.06,7.4,24,0,2.2
16,-1.94,7.4,24,0,3.93
16,-1.84,7.4,24,0,3.93
16,-1.74,7.4,24,0,3.93
16,-2.6,7.4,24,0,4.85
16,-2.4,7.4,24,0,4.85
16,-2.33,7.4,24,0,4.85
16,-0.426,7.4,24,0,0.85
16,-0.415,7.4,24,0,0.85
16,-0.408,7.4,24,0,0.85
16,-0.627,7.4,24,0,1.13
16,-0.621,7.4,24,0,1.13
16,-0.609,7.4,24,0,1.13
16,-1.28,7.4,24,0,2.03
16,-1.28,7.4,24,0,2.03
16,-1.26,7.4,24,0,2.03
16,-2.53,7.4,24,0,4
16,-2.5,7.4,24,0,4
16,-2.47,7.4,24,0,4
16,-3.79,7.4,24,0,5.64
16,-3.76,7.4,24,0,5.64
16,-3.74,7.4,24,0,5.64
17,-0.343,7.4,24,0,0.81
17,-0.338,7.4,24,0,0.81
17,-0.332,7.4,24,0,0.81
17,-0.854,7.4,24,0,1.6
17,-0.841,7.4,24,0,1.6
17,-0.825,7.4,24,0,1.6
17,-1.07,7.4,24,0,2.2
17,-1.05,7.4,24,0,2.2
17,-1.03,7.4,24,0,2.2
17,-1.88,7.4,24,0,3.93
17,-1.78,7.4,24,0,3.93
17,-1.69,7.4,24,0,3.93
17,-2.52,7.4,24,0,4.85
17,-2.33,7.4,24,0,4.85
17,-2.27,7.4,24,0,4.85
17,-0.412,7.4,24,0,0.85
17,-0.403,7.4,24,0,0.85
17,-0.395,7.4,24,0,0.85
17,-0.607,7.4,24,0,1.13
17,-0.603,7.4,24,0,1.13
17,-0.591,7.4,24,0,1.13
17,-1.24,7.4,24,0,2.03
17,-1.24,7.4,24,0,2.03
17,-1.22,7.4,24,0,2.03
17,-2.45,7.4,24,0,4
17,-2.43,7.4,24,0,4
17,-2.39,7.4,24,0,4
17,-3.68,7.4,24,0,5.64
17,-3.66,7.4,24,0,5.64
17,-3.63,7.4,24,0,5.64
18,-0.335,7.4,24,0,0.81
18,-0.329,7.4,24,0,0.81
18,-0.325,7.4,24,0,0.81
18,-0.834,7.4,24,0,1.6
18,-0.821,7.4,24,0,1.6
18,-0.806,7.4,24,0,1.6
18,-1.05,7.4,24,0,2.2
18,-1.02,7.4,24,0,2.2
18,-1.01,7.4,24,0,2.2
18,-1.83,7.4,24,0,3.93
18,-1.74,7.4,24,0,3.93
18,-1.65,7.4,24,0,3.93
18,-2.46,7.4,24,0,4.85
18,-2.27,7.4,24,0,4.85
18,-2.22,7.4,24,0,4.85
18,-0.399,7.4,24,0,0.85
18,-0.391,7.4,24,0,0.85
18,-0.384,7.4,24,0,0.85
18,-0.59,7.4,24,0,1.13
18,-0.586,7.4,24,0,1.13
18,-0.575,7.4,24,0,1.13
18,-1.2,7.4,24,0,2.03
18,-1.2,7.4,24,0,2.03
18,-1.19,7.4,24,0,2.03
18,-2.38,7.4,24,0,4
18,-2.37,7.4,24,0,4
18,-2.33,7.4,24,0,4
18,-3.58,7.4,24,0,5.64
18,-3.56,7.4,24,0,5.64
18,-3.53,7.4,24,0,5.64
19,-0.327,7.4,24,0,0.81
19,-0.322,7.4,24,0,0.81
19,-0.317,7.4,24,0,0.81
19,-0.816,7.4,24,0,1.6
19,-0.803,7.4,24,0,1.6
19,-0.789,7.4,24,0,1.6
19,-1.02,7.4,24,0,2.2
19,-0.999,7.4,24,0,2.2
19,-0.985,7.4,24,0,2.2
19,-1.79,7.4,24,0,3.93
19,-1.69,7.4,24,0,3.93
19,-1.6,7.4,24,0,3.93
19,-2.4,7.4,24,0,4.85
19,-2.21,7.4,24,0,4.85
19,-2.17,7.4,24,0,4.85
19,-0.387,7.4,24,0,0.85
19,-0.38,7.4,24,0,0.85
19,-0.374,7.4,24,0,0.85
19,-0.573,7.4,24,0,1.13
19,-0.57,7.4,24,0,1.13
19,-0.56,7.4,24,0,1.13
19,-1.17,7.4,24,0,2.03
19,-1.17,7.4,24,0,2.03
19,-1.15,7.4,24,0,2.03
19,-2.32,7.4,24,0,4
19,-2.31,7.4,24,0,4
19,-2.27,7.4,24,0,4
19,-3.48,7.4,24,0,5.64
19,-3.46,7.4,24,0,5.64
19,-3.44,7.4,24,0,5.64
20,-0.32,7.4,24,0,0.81
20,-0.315,7.4,24,0,0.81
20,-0.311,7.4,24,0,0.81
20,-0.799,7.4,24,0,1.6
20,-0.786,7.4,24,0,1.6
20,-0.772,7.4,24,0,1.6
20,-1,7.4,24,0,2.2
20,-0.977,7.4,24,0,2.2
20,-0.964,7.4,24,0,2.2
20,-1.74,7.4,24,0,3.93
20,-1.65,7.4,24,0,3.93
20,-1.56,7.4,24,0,3.93
20,-2.34,7.4,24,0,4.85
20,-2.16,7.4,24,0,4.85
20,-2.13,7.4,24,0,4.85
20,-0.376,7.4,24,0,0.85
20,-0.37,7.4,24,0,0.85
20,-0.365,7.4,24,0,0.85
20,-0.558,7.4,24,0,1.13
20,-0.555,7.4,24,0,1.13
20,-0.546,7.4,24,0,1.13
20,-1.14,7.4,24,0,2.03
20,-1.14,7.4,24,0,2.03
20,-1.13,7.4,24,0,2.03
20,-2.26,7.4,24,0,4
20,-2.25,7.4,24,0,4
20,-2.21,7.4,24,0,4
20,-3.4,7.4,24,0,5.64
20,-3.38,7.4,24,0,5.64
20,-3.36,7.4,24,0,5.64
21,-0.313,7.4,24,0,0.81
21,-0.309,7.4,24,0,0.81
21,-0.305,7.4,24,0,0.81
21,-0.783,7.4,24,0,1.6
21,-0.77,7.4,24,0,1.6
21,-0.757,7.4,24,0,1.6
21,-0.981,7.4,24,0,2.2
21,-0.957,7.4,24,0,2.2
21,-0.945,7.4,24,0,2.2
21,-1.7,7.4,24,0,3.93
21,-1.61,7.4,24,0,3.93
21,-1.53,7.4,24,0,3.93
21,-2.29,7.4,24,0,4.85
21,-2.11,7.4,24,0,4.85
21,-2.08,7.4,24,0,4.85
21,-0.365,7.4,24,0,0.85
21,-0.361,7.4,24,0,0.85
21,-0.356,7.4,24,0,0.85
21,-0.545,7.4,24,0,1.13
21,-0.542,7.4,24,0,1.13
21,-0.533,7.4,24,0,1.13
21,-1.12,7.4,24,0,2.03
21,-1.12,7.4,24,0,2.03
21,-1.1,7.4,24,0,2.03
21,-2.21,7.4,24,0,4
21,-2.19,7.4,24,0,4
21,-2.16,7.4,24,0,4
21,-3.32,7.4,24,0,5.64
21,-3.3,7.4,24,0,5.64
21,-3.28,7.4,24,0,5.64
22,-0.307,7.4,24,0,0.81
22,-0.303,7.4,24,0,0.81
22,-0.3,7.4,24,0,0.81
22,-0.769,7.4,24,0,1.6
22,-0.756,7.4,24,0,1.6
22,-0.742,7.4,24,0,1.6
22,-0.962,7.4,24,0,2.2
22,-0.938,7.4,24,0,2.2
22,-0.926,7.4,24,0,2.2
22,-1.66,7.4,24,0,3.93
22,-1.58,7.4,24,0,3.93
22,-1.49,7.4,24,0,3.93
22,-2.24,7.4,24,0,4.85
22,-2.06,7.4,24,0,4.85
22,-2.04,7.4,24,0,4.85
22,-0.356,7.4,24,0,0.85
22,-0.351,7.4,24,0,0.85
22,-0.348,7.4,24,0,0.85
22,-0.532,7.4,24,0,1.13
22,-0.529,7.4,24,0,1.13
22,-0.521,7.4,24,0,1.13
22,-1.09,7.4,24,0,2.03
22,-1.09,7.4,24,0,2.03
22,-1.07,7.4,24,0,2.03
22,-2.16,7.4,24,0,4
22,-2.15,7.4,24,0,4
22,-2.11,7.4,24,0,4
22,-3.24,7.4,24,0,5.64
22,-3.23,7.4,24,0,5.64
22,-3.21,7.4,24,0,5.64
23,-0.301,7.4,24,0,0.81
23,-0.298,7.4,24,0,0.81
23,-0.294,7.4,24,0,0.81
23,-0.755,7.4,24,0,1.6
23,-0.742,7.4,24,0,1.6
23,-0.729,7.4,24,0,1.6
23,-0.944,7.4,24,0,2.2
23,-0.921,7.4,24,0,2.2
23,-0.909,7.4,24,0,2.2
23,-1.63,7.4,24,0,3.93
23,-1.54,7.4,24,0,3.93
23,-1.46,7.4,24,0,3.93
23,-2.19,7.4,24,0,4.85
23,-2.02,7.4,24,0,4.85
23,-2,7.4,24,0,4.85
23,-0.347,7.4,24,0,0.85
23,-0.343,7.4,24,0,0.85
23,-0.34,7.4,24,0,0.85
23,-0.52,7.4,24,0,1.13
23,-0.517,7.4,24,0,1.13
23,-0.51,7.4,24,0,1.13
23,-1.07,7.4,24,0,2.03
23,-1.07,7.4,24,0,2.03
23,-1.05,7.4,24,0,2.03
23,-2.11,7.4,24,0,4
23,-2.1,7.4,24,0,4
23,-2.07,7.4,24,0,4
23,-3.17,7.4,24,0,5.64
23,-3.16,7.4,24,0,5.64
23,-3.14,7.4,24,0,5.64
24,-0.296,7.4,24,0,0.81
24,-0.292,7.4,24,0,0.81
24,-0.289,7.4,24,0,0.81
24,-0.742,7.4,24,0,1.6
24,-0.729,7.4,24,0,1.6
24,-0.717,7.4,24,0,1.6
24,-0.928,7.4,24,0,2.2
24,-0.904,7.4,24,0,2.2
24,-0.892,7.4,24,0,2.2
24,-1.6,7.4,24,0,3.93
24,-1.51,7.4,24,0,3.93
24,-1.43,7.4,24,0,3.93
24,-2.15,7.4,24,0,4.85
24,-1.98,7.4,24,0,4.85
24,-1.97,7.4,24,0,4.85
24,-0.339,7.4,24,0,0.85
24,-0.336,7.4,24,0,0.85
24,-0.333,7.4,24,0,0.85
24,-0.508,7.4,24,0,1.13
24,-0.507,7.4,24,0,1.13
24,-0.499,7.4,24,0,1.13
24,-1.05,7.4,24,0,2.03
24,-1.05,7.4,24,0,2.03
24,-1.03,7.4,24,0,2.03
24,-2.06,7.4,24,0,4
24,-2.05,7.4,24,0,4
24,-2.02,7.4,24,0,4
24,-3.11,7.4,24,0,5.64
24,-3.09,7.4,24,0,5.64
24,-3.07,7.4,24,0,5.64
25,-0.29,7.4,24,0,0.81
25,-0.287,7.4,24,0,0.81
25,-0.284,7.4,24,0,0.81
25,-0.729,7.4,24,0,1.6
25,-0.717,7.4,24,0,1.6
25,-0.705,7.4,24,0,1.6
25,-0.912,7.4,24,0,2.2
25,-0.888,7.4,24,0,2.2
25,-0.877,7.4,24,0,2.2
25,-1.56,7.4,24,0,3.93
25,-1.48,7.4,24,0,3.93
25,-1.4,7.4,24,0,3.93
25,-2.11,7.4,24,0,4.85
25,-1.94,7.4,24,0,4.85
25,-1.93,7.4,24,0,4.85
25,-0.331,7.4,24,0,0.85
25,-0.329,7.4,24,0,0.85
25,-0.327,7.4,24,0,0.85
25,-0.498,7.4,24,0,1.13
25,-0.496,7.4,24,0,1.13
25,-0.489,7.4,24,0,1.13
25,-1.03,7.4,24,0,2.03
25,-1.02,7.4,24,0,2.03
25,-1.01,7.4,24,0,2.03
25,-2.02,7.4,24,0,4
25,-2.01,7.4,24,0,4
25,-1.98,7.4,24,0,4
25,-3.04,7.4,24,0,5.64
25,-3.03,7.4,24,0,5.64
25,-3.01,7.4,24,0,5.64
26,-0.285,7.4,24,0,0.81
26,-0.283,7.4,24,0,0.81
26,-0.28,7.4,24,0,0.81
26,-0.717,7.4,24,0,1.6
26,-0.705,7.4,24,0,1.6
26,-0.693,7.4,24,0,1.6
26,-0.897,7.4,24,0,2.2
26,-0.873,7.4,24,0,2.2
26,-0.862,7.4,24,0,2.2
26,-1.53,7.4,24,0,3.93
26,-1.45,7.4,24,0,3.93
26,-1.38,7.4,24,0,3.93
26,-2.07,7.4,24,0,4.85
26,-1.9,7.4,24,0,4.85
26,-1.89,7.4,24,0,4.85
26,-0.324,7.4,24,0,0.85
26,-0.323,7.4,24,0,0.85
26,-0.32,7.4,24,0,0.85
26,-0.488,7.4,24,0,1.13
26,-0.487,7.4,24,0,1.13
26,-0.48,7.4,24,0,1.13
26,-1.01,7.4,24,0,2.03
26,-1,7.4,24,0,2.03
26,-0.989,7.4,24,0,2.03
26,-1.98,7.4,24,0,4
26,-1.97,7.4,24,0,4
26,-1.95,7.4,24,0,4
26,-2.99,7.4,24,0,5.64
26,-2.97,7.4,24,0,5.64
26,-2.95,7.4,24,0,5.64
27,-0.281,7.4,24,0,0.81
27,-0.278,7.4,24,0,0.81
27,-0.275,7.4,24,0,0.81
27,-0.707,7.4,24,0,1.6
27,-0.693,7.4,24,0,1.6
27,-0.682,7.4,24,0,1.6
27,-0.883,7.4,24,0,2.2
27,-0.859,7.4,24,0,2.2
27,-0.848,7.4,24,0,2.2
27,-1.51,7.4,24,0,3.93
27,-1.43,7.4,24,0,3.93
27,-1.35,7.4,24,0,3.93
27,-2.03,7.4,24,0,4.85
27,-1.87,7.4,24,0,4.85
27,-1.86,7.4,24,0,4.85
27,-0.317,7.4,24,0,0.85
27,-0.316,7.4,24,0,0.85
27,-0.314,7.4,24,0,0.85
27,-0.478,7.4,24,0,1.13
27,-0.477,7.4,24,0,1.13
27,-0.472,7.4,24,0,1.13
27,-0.986,7.4,24,0,2.03
27,-0.985,7.4,24,0,2.03
27,-0.97,7.4,24,0,2.03
27,-1.94,7.4,24,0,4
27,-1.94,7.4,24,0,4
27,-1.91,7.4,24,0,4
27,-2.93,7.4,24,0,5.64
27,-2.92,7.4,24,0,5.64
27,-2.9,7.4,24,0,5.64
28,-0.277,7.4,24,0,0.81
28,-0.274,7.4,24,0,0.81
28,-0.271,7.4,24,0,0.81
28,-0.695,7.4,24,0,1.6
28,-0.683,7.4,24,0,1.6
28,-0.672,7.4,24,0,1.6
28,-0.869,7.4,24,0,2.2
28,-0.845,7.4,24,0,2.2
28,-0.835,7.4,24,0,2.2
28,-1.48,7.4,24,0,3.93
28,-1.4,7.4,24,0,3.93
28,-1.33,7.4,24,0,3.93
28,-2,7.4,24,0,4.85
28,-1.84,7.4,24,0,4.85
28,-1.83,7.4,24,0,4.85
28,-0.311,7.4,24,0,0.85
28,-0.31,7.4,24,0,0.85
28,-0.308,7.4,24,0,0.85
28,-0.469,7.4,24,0,1.13
28,-0.468,7.4,24,0,1.13
28,-0.463,7.4,24,0,1.13
28,-0.969,7.4,24,0,2.03
28,-0.967,7.4,24,0,2.03
28,-0.953,7.4,24,0,2.03
28,-1.91,7.4,24,0,4
28,-1.9,7.4,24,0,4
28,-1.88,7.4,24,0,4
28,-2.88,7.4,24,0,5.64
28,-2.87,7.4,24,0,5.64
28,-2.85,7.4,24,0,5.64
29,-0.272,7.4,24,0,0.81
29,-0.27,7.4,24,0,0.81
29,-0.267,7.4,24,0,0.81
29,-0.686,7.4,24,0,1.6
29,-0.673,7.4,24,0,1.6
29,-0.662,7.4,24,0,1.6
29,-0.856,7.4,24,0,2.2
29,-0.833,7.4,24,0,2.2
29,-0.822,7.4,24,0,2.2
29,-1.45,7.4,24,0,3.93
29,-1.38,7.4,24,0,3.93
29,-1.3,7.4,24,0,3.93
29,-1.96,7.4,24,0,4.85
29,-1.81,7.4,24,0,4.85
29,-1.8,7.4,24,0,4.85
29,-0.305,7.4,24,0,0.85
29,-0.305,7.4,24,0,0.85
29,-0.303,7.4,24,0,0.85
29,-0.461,7.4,24,0,1.13
29,-0.46,7.4,24,0,1.13
29,-0.455,7.4,24,0,1.13
29,-0.952,7.4,24,0,2.03
29,-0.951,7.4,24,0,2.03
29,-0.937,7.4,24,0,2.03
29,-1.87,7.4,24,0,4
29,-1.87,7.4,24,0,4
29,-1.84,7.4,24,0,4
29,-2.83,7.4,24,0,5.64
29,-2.82,7.4,24,0,5.64
29,-2.8,7.4,24,0,5.64
30,-0.269,7.4,24,0,0.81
30,-0.266,7.4,24,0,0.81
30,-0.264,7.4,24,0,0.81
30,-0.676,7.4,24,0,1.6
30,-0.663,7.4,24,0,1.6
30,-0.653,7.4,24,0,1.6
30,-0.844,7.4,24,0,2.2
30,-0.821,7.4,24,0,2.2
30,-0.81,7.4,24,0,2.2
30,-1.43,7.4,24,0,3.93
30,-1.35,7.4,24,0,3.93
30,-1.28,7.4,24,0,3.93
30,-1.93,7.4,24,0,4.85
30,-1.78,7.4,24,0,4.85
30,-1.77,7.4,24,0,4.85
30,-0.299,7.4,24,0,0.85
30,-0.3,7.4,24,0,0.85
30,-0.298,7.4,24,0,0.85
30,-0.453,7.4,24,0,1.13
30,-0.452,7.4,24,0,1.13
30,-0.447,7.4,24,0,1.13
30,-0.936,7.4,24,0,2.03
30,-0.935,7.4,24,0,2.03
30,-0.921,7.4,24,0,2.03
30,-1.84,7.4,24,0,4
30,-1.84,7.4,24,0,4
30,-1.81,7.4,24,0,4
30,-2.78,7.4,24,0,5.64
30,-2.77,7.4,24,0,5.64
30,-2.75,7.4,24,0,5.64
31,-0.265,7.4,24,0,0.81
31,-0.262,7.4,24,0,0.81
31,-0.26,7.4,24,0,0.81
31,-0.667,7.4,24,0,1.6
31,-0.654,7.4,24,0,1.6
31,-0.644,7.4,24,0,1.6
31,-0.832,7.4,24,0,2.2
31,-0.809,7.4,24,0,2.2
31,-0.799,7.4,24,0,2.2
31,-1.41,7.4,24,0,3.93
31,-1.33,7.4,24,0,3.93
31,-1.26,7.4,24,0,3.93
31,-1.9,7.4,24,0,4.85
31,-1.75,7.4,24,0,4.85
31,-1.74,7.4,24,0,4.85
31,-0.294,7.4,24,0,0.85
31,-0.294,7.4,24,0,0.85
31,-0.293,7.4,24,0,0.85
31,-0.445,7.4,24,0,1.13
31,-0.445,7.4,24,0,1.13
31,-0.44,7.4,24,0,1.13
31,-0.921,7.4,24,0,2.03
31,-0.919,7.4,24,0,2.03
31,-0.905,7.4,24,0,2.03
31,-1.81,7.4,24,0,4
31,-1.81,7.4,24,0,4
31,-1.78,7.4,24,0,4
31,-2.74,7.4,24,0,5.64
31,-2.73,7.4,24,0,5.64
31,-2.71,7.4,24,0,5.64
32,-0.262,7.4,24,0,0.81
32,-0.259,7.4,24,0,0.81
32,-0.256,7.4,24,0,0.81
32,-0.657,7.4,24,0,1.6
32,-0.645,7.4,24,0,1.6
32,-0.635,7.4,24,0,1.6
32,-0.82,7.4,24,0,2.2
32,-0.798,7.4,24,0,2.2
32,-0.788,7.4,24,0,2.2
32,-1.38,7.4,24,0,3.93
32,-1.31,7.4,24,0,3.93
32,-1.24,7.4,24,0,3.93
32,-1.87,7.4,24,0,4.85
32,-1.72,7.4,24,0,4.85
32,-1.72,7.4,24,0,4.85
32,-0.289,7.4,24,0,0.85
32,-0.289,7.4,24,0,0.85
32,-0.288,7.4,24,0,0.85
32,-0.438,7.4,24,0,1.13
32,-0.438,7.4,24,0,1.13
32,-0.434,7.4,24,0,1.13
32,-0.907,7.4,24,0,2.03
32,-0.904,7.4,24,0,2.03
32,-0.892,7.4,24,0,2.03
32,-1.78,7.4,24,0,4
32,-1.78,7.4,24,0,4
32,-1.76,7.4,24,0,4
32,-2.69,7.4,24,0,5.64
32,-2.68,7.4,24,0,5.64
32,-2.67,7.4,24,0,5.64
33,-0.257,7.4,24,0,0.81
33,-0.256,7.4,24,0,0.81
33,-0.253,7.4,24,0,0.81
33,-0.649,7.4,24,0,1.6
33,-0.637,7.4,24,0,1.6
33,-0.627,7.4,24,0,1.6
33,-0.81,7.4,24,0,2.2
33,-0.788,7.4,24,0,2.2
33,-0.777,7.4,24,0,2.2
33,-1.36,7.4,24,0,3.93
33,-1.29,7.4,24,0,3.93
33,-1.22,7.4,24,0,3.93
33,-1.84,7.4,24,0,4.85
33,-1.7,7.4,24,0,4.85
33,-1.69,7.4,24,0,4.85
33,-0.284,7.4,24,0,0.85
33,-0.285,7.4,24,0,0.85
33,-0.284,7.4,24,0,0.85
33,-0.431,7.4,24,0,1.13
33,-0.431,7.4,24,0,1.13
33,-0.428,7.4,24,0,1.13
33,-0.893,7.4,24,0,2.03
33,-0.89,7.4,24,0,2.03
33,-0.878,7.4,24,0,2.03
33,-1.76,7.4,24,0,4
33,-1.75,7.4,24,0,4
33,-1.73,7.4,24,0,4
33,-2.65,7.4,24,0,5.64
33,-2.64,7.4,24,0,5.64
33,-2.63,7.4,24,0,5.64
34,-0.254,7.4,24,0,0.81
34,-0.252,7.4,24,0,0.81
34,-0.25,7.4,24,0,0.81
34,-0.64,7.4,24,0,1.6
34,-0.629,7.4,24,0,1.6
34,-0.619,7.4,24,0,1.6
34,-0.8,7.4,24,0,2.2
34,-0.777,7.4,24,0,2.2
34,-0.767,7.4,24,0,2.2
34,-1.34,7.4,24,0,3.93
34,-1.27,7.4,24,0,3.93
34,-1.2,7.4,24,0,3.93
34,-1.81,7.4,24,0,4.85
34,-1.67,7.4,24,0,4.85
34,-1.67,7.4,24,0,4.85
34,-0.28,7.4,24,0,0.85
34,-0.28,7.4,24,0,0.85
34,-0.28,7.4,24,0,0.85
34,-0.424,7.4,24,0,1.13
34,-0.425,7.4,24,0,1.13
34,-0.421,7.4,24,0,1.13
34,-0.88,7.4,24,0,2.03
34,-0.877,7.4,24,0,2.03
34,-0.865,7.4,24,0,2.03
34,-1.73,7.4,24,0,4
34,-1.72,7.4,24,0,4
34,-1.7,7.4,24,0,4
34,-2.61,7.4,24,0,5.64
34,-2.61,7.4,24,0,5.64
34,-2.59,7.4,24,0,5.64
35,-0.251,7.4,24,0,0.81
35,-0.249,7.4,24,0,0.81
35,-0.247,7.4,24,0,0.81
35,-0.632,7.4,24,0,1.6
35,-0.621,7.4,24,0,1.6
35,-0.612,7.4,24,0,1.6
35,-0.789,7.4,24,0,2.2
35,-0.768,7.4,24,0,2.2
35,-0.758,7.4,24,0,2.2
35,-1.33,7.4,24,0,3.93
35,-1.25,7.4,24,0,3.93
35,-1.19,7.4,24,0,3.93
35,-1.79,7.4,24,0,4.85
35,-1.65,7.4,24,0,4.85
35,-1.64,7.4,24,0,4.85
35,-0.275,7.4,24,0,0.85
35,-0.276,7.4,24,0,0.85
35,-0.275,7.4,24,0,0.85
35,-0.418,7.4,24,0,1.13
35,-0.418,7.4,24,0,1.13
35,-0.415,7.4,24,0,1.13
35,-0.867,7.4,24,0,2.03
35,-0.865,7.4,24,0,2.03
35,-0.852,7.4,24,0,2.03
35,-1.71,7.4,24,0,4
35,-1.7,7.4,24,0,4
35,-1.68,7.4,24,0,4
35,-2.58,7.4,24,0,5.64
35,-2.57,7.4,24,0,5.64
35,-2.55,7.4,24,0,5.64
36,-0.247,7.4,24,0,0.81
36,-0.246,7.4,24,0,0.81
36,-0.244,7.4,24,0,0.81
36,-0.624,7.4,24,0,1.6
36,-0.613,7.4,24,0,1.6
36,-0.604,7.4,24,0,1.6
36,-0.78,7.4,24,0,2.2
36,-0.758,7.4,24,0,2.2
36,-0.748,7.4,24,0,2.2
36,-1.31,7.4,24,0,3.93
36,-1.23,7.4,24,0,3.93
36,-1.17,7.4,24,0,3.93
36,-1.76,7.4,24,0,4.85
36,-1.62,7.4,24,0,4.85
36,-1.62,7.4,24,0,4.85
36,-0.271,7.4,24,0,0.85
36,-0.272,7.4,24,0,0.85
36,-0.272,7.4,24,0,0.85
36,-0.412,7.4,24,0,1.13
36,-0.412,7.4,24,0,1.13
36,-0.41,7.4,24,0,1.13
36,-0.855,7.4,24,0,2.03
36,-0.853,7.4,24,0,2.03
36,-0.84,7.4,24,0,2.03
36,-1.68,7.4,24,0,4
36,-1.68,7.4,24,0,4
36,-1.66,7.4,24,0,4
36,-2.54,7.4,24,0,5.64
36,-2.53,7.4,24,0,5.64
36,-2.52,7.4,24,0,5.64
37,-0.245,7.4,24,0,0.81
37,-0.243,7.4,24,0,0.81
37,-0.242,7.4,24,0,0.81
37,-0.617,7.4,24,0,1.6
37,-0.607,7.4,24,0,1.6
37,-0.597,7.4,24,0,1.6
37,-0.771,7.4,24,0,2.2
37,-0.75,7.4,24,0,2.2
37,-0.739,7.4,24,0,2.2
37,-1.29,7.4,24,0,3.93
37,-1.22,7.4,24,0,3.93
37,-1.16,7.4,24,0,3.93
37,-1.74,7.4,24,0,4.85
37,-1.6,7.4,24,0,4.85
37,-1.6,7.4,24,0,4.85
37,-0.267,7.4,24,0,0.85
37,-0.268,7.4,24,0,0.85
37,-0.268,7.4,24,0,0.85
37,-0.406,7.4,24,0,1.13
37,-0.407,7.4,24,0,1.13
37,-0.404,7.4,24,0,1.13
37,-0.844,7.4,24,0,2.03
37,-0.841,7.4,24,0,2.03
37,-0.829,7.4,24,0,2.03
37,-1.66,7.4,24,0,4
37,-1.65,7.4,24,0,4
37,-1.63,7.4,24,0,4
37,-2.51,7.4,24,0,5.64
37,-2.5,7.4,24,0,5.64
37,-2.48,7.4,24,0,5.64
38,-0.242,7.4,24,0,0.81
38,-0.24,7.4,24,0,0.81
38,-0.239,7.4,24,0,0.81
38,-0.61,7.4,24,0,1.6
38,-0.6,7.4,24,0,1.6
38,-0.591,7.4,24,0,1.6
38,-0.762,7.4,24,0,2.2
38,-0.741,7.4,24,0,2.2
38,-0.73,7.4,24,0,2.2
38,-1.27,7.4,24,0,3.93
38,-1.2,7.4,24,0,3.93
38,-1.14,7.4,24,0,3.93
38,-1.72,7.4,24,0,4.85
38,-1.58,7.4,24,0,4.85
38,-1.58,7.4,24,0,4.85
38,-0.263,7.4,24,0,0.85
38,-0.265,7.4,24,0,0.85
38,-0.264,7.4,24,0,0.85
38,-0.4,7.4,24,0,1.13
38,-0.402,7.4,24,0,1.13
38,-0.399,7.4,24,0,1.13
38,-0.832,7.4,24,0,2.03
38,-0.83,7.4,24,0,2.03
38,-0.818,7.4,24,0,2.03
38,-1.64,7.4,24,0,4
38,-1.63,7.4,24,0,4
38,-1.61,7.4,24,0,4
38,-2.48,7.4,24,0,5.64
38,-2.47,7.4,24,0,5.64
38,-2.45,7.4,24,0,5.64
39,-0.239,7.4,24,0,0.81
39,-0.238,7.4,24,0,0.81
39,-0.236,7.4,24,0,0.81
39,-0.603,7.4,24,0,1.6
39,-0.593,7.4,24,0,1.6
39,-0.584,7.4,24,0,1.6
39,-0.753,7.4,24,0,2.2
39,-0.733,7.4,24,0,2.2
39,-0.722,7.4,24,0,2.2
39,-1.26,7.4,24,0,3.93
39,-1.19,7.4,24,0,3.93
39,-1.12,7.4,24,0,3.93
39,-1.69,7.4,24,0,4.85
39,-1.56,7.4,24,0,4.85
39,-1.55,7.4,24,0,4.85
39,-0.259,7.4,24,0,0.85
39,-0.261,7.4,24,0,0.85
39,-0.261,7.4,24,0,0.85
39,-0.395,7.4,24,0,1.13
39,-0.396,7.4,24,0,1.13
39,-0.394,7.4,24,0,1.13
39,-0.822,7.4,24,0,2.03
39,-0.819,7.4,24,0,2.03
39,-0.807,7.4,24,0,2.03
39,-1.62,7.4,24,0,4
39,-1.61,7.4,24,0,4
39,-1.59,7.4,24,0,4
39,-2.44,7.4,24,0,5.64
39,-2.44,7.4,24,0,5.64
39,-2.42,7.4,24,0,5.64
40,-0.236,7.4,24,0,0.81
40,-0.235,7.4,24,0,0.81
40,-0.233,7.4,24,0,0.81
40,-0.597,7.4,24,0,1.6
40,-0.587,7.4,24,0,1.6
40,-0.578,7.4,24,0,1.6
40,-0.745,7.4,24,0,2.2
40,-0.725,7.4,24,0,2.2
40,-0.714,7.4,24,0,2.2
40,-1.24,7.4,24,0,3.93
40,-1.17,7.4,24,0,3.93
40,-1.11,7.4,24,0,3.93
40,-1.67,7.4,24,0,4.85
40,-1.54,7.4,24,0,4.85
40,-1.54,7.4,24,0,4.85
40,-0.256,7.4,24,0,0.85
40,-0.258,7.4,24,0,0.85
40,-0.257,7.4,24,0,0.85
40,-0.39,7.4,24,0,1.13
40,-0.391,7.4,24,0,1.13
40,-0.39,7.4,24,0,1.13
40,-0.812,7.4,24,0,2.03
40,-0.809,7.4,24,0,2.03
40,-0.797,7.4,24,0,2.03
40,-1.6,7.4,24,0,4
40,-1.59,7.4,24,0,4
40,-1.57,7.4,24,0,4
40,-2.41,7.4,24,0,5.64
40,-2.41,7.4,24,0,5.64
40,-2.39,7.4,24,0,5.64
41,-0.234,7.4,24,0,0.81
41,-0.233,7.4,24,0,0.81
41,-0.231,7.4,24,0,0.81
41,-0.59,7.4,24,0,1.6
41,-0.58,7.4,24,0,1.6
41,-0.572,7.4,24,0,1.6
41,-0.737,7.4,24,0,2.2
41,-0.718,7.4,24,0,2.2
41,-0.706,7.4,24,0,2.2
41,-1.22,7.4,24,0,3.93
41,-1.16,7.4,24,0,3.93
41,-1.1,7.4,24,0,3.93
41,-1.65,7.4,24,0,4.85
41,-1.52,7.4,24,0,4.85
41,-1.52,7.4,24,0,4.85
41,-0.252,7.4,24,0,0.85
41,-0.254,7.4,24,0,0.85
41,-0.254,7.4,24,0,0.85
41,-0.385,7.4,24,0,1.13
41,-0.386,7.4,24,0,1.13
41,-0.385,7.4,24,0,1.13
41,-0.802,7.4,24,0,2.03
41,-0.799,7.4,24,0,2.03
41,-0.788,7.4,24,0,2.03
41,-1.58,7.4,24,0,4
41,-1.57,7.4,24,0,4
41,-1.55,7.4,24,0,4
41,-2.38,7.4,24,0,5.64
41,-2.38,7.4,24,0,5.64
41,-2.36,7.4,24,0,5.64
42,-0.232,7.4,24,0,0.81
42,-0.23,7.4,24,0,0.81
42,-0.228,7.4,24,0,0.81
42,-0.584,7.4,24,0,1.6
42,-0.573,7.4,24,0,1.6
42,-0.566,7.4,24,0,1.6
42,-0.73,7.4,24,0,2.2
42,-0.709,7.4,24,0,2.2
42,-0.698,7.4,24,0,2.2
42,-1.21,7.4,24,0,3.93
42,-1.14,7.4,24,0,3.93
42,-1.08,7.4,24,0,3.93
42,-1.63,7.4,24,0,4.85
42,-1.5,7.4,24,0,4.85
42,-1.5,7.4,24,0,4.85
42,-0.249,7.4,24,0,0.85
42,-0.251,7.4,24,0,0.85
42,-0.251,7.4,24,0,0.85
42,-0.379,7.4,24,0,1.13
42,-0.382,7.4,24,0,1.13
42,-0.381,7.4,24,0,1.13
42,-0.794,7.4,24,0,2.03
42,-0.789,7.4,24,0,2.03
42,-0.779,7.4,24,0,2.03
42,-1.56,7.4,24,0,4
42,-1.55,7.4,24,0,4
42,-1.54,7.4,24,0,4
42,-2.36,7.4,24,0,5.64
42,-2.35,7.4,24,0,5.64
42,-2.33,7.4,24,0,5.64
43,-0.229,7.4,24,0,0.81
43,-0.228,7.4,24,0,0.81
43,-0.226,7.4,24,0,0.81
43,-0.578,7.4,24,0,1.6
43,-0.568,7.4,24,0,1.6
43,-0.56,7.4,24,0,1.6
43,-0.722,7.4,24,0,2.2
43,-0.702,7.4,24,0,2.2
43,-0.692,7.4,24,0,2.2
43,-1.19,7.4,24,0,3.93
43,-1.13,7.4,24,0,3.93
43,-1.07,7.4,24,0,3.93
43,-1.61,7.4,24,0,4.85
43,-1.49,7.4,24,0,4.85
43,-1.48,7.4,24,0,4.85
43,-0.246,7.4,24,0,0.85
43,-0.248,7.4,24,0,0.85
43,-0.248,7.4,24,0,0.85
43,-0.374,7.4,24,0,1.13
43,-0.376,7.4,24,0,1.13
43,-0.377,7.4,24,0,1.13
43,-0.784,7.4,24,0,2.03
43,-0.78,7.4,24,0,2.03
43,-0.769,7.4,24,0,2.03
43,-1.54,7.4,24,0,4
43,-1.53,7.4,24,0,4
43,-1.52,7.4,24,0,4
43,-2.33,7.4,24,0,5.64
43,-2.32,7.4,24,0,5.64
43,-2.31,7.4,24,0,5.64
44,-0.227,7.4,24,0,0.81
44,-0.226,7.4,24,0,0.81
44,-0.224,7.4,24,0,0.81
44,-0.572,7.4,24,0,1.6
44,-0.562,7.4,24,0,1.6
44,-0.555,7.4,24,0,1.6
44,-0.715,7.4,24,0,2.2
44,-0.695,7.4,24,0,2.2
44,-0.684,7.4,24,0,2.2
44,-1.18,7.4,24,0,3.93
44,-1.12,7.4,24,0,3.93
44,-1.06,7.4,24,0,3.93
44,-1.6,7.4,24,0,4.85
44,-1.47,7.4,24,0,4.85
44,-1.46,7.4,24,0,4.85
44,-0.243,7.4,24,0,0.85
44,-0.245,7.4,24,0,0.85
44,-0.245,7.4,24,0,0.85
44,-0.37,7.4,24,0,1.13
44,-0.371,7.4,24,0,1.13
44,-0.373,7.4,24,0,1.13
44,-0.775,7.4,24,0,2.03
44,-0.772,7.4,24,0,2.03
44,-0.761,7.4,24,0,2.03
44,-1.53,7.4,24,0,4
44,-1.51,7.4,24,0,4
44,-1.5,7.4,24,0,4
44,-2.3,7.4,24,0,5.64
44,-2.3,7.4,24,0,5.64
44,-2.28,7.4,24,0,5.64
45,-0.224,7.4,24,0,0.81
45,-0.224,7.4,24,0,0.81
45,-0.222,7.4,24,0,0.81
45,-0.567,7.4,24,0,1.6
45,-0.557,7.4,24,0,1.6
45,-0.549,7.4,24,0,1.6
45,-0.708,7.4,24,0,2.2
45,-0.688,7.4,24,0,2.2
45,-0.678,7.4,24,0,2.2
45,-1.17,7.4,24,0,3.93
45,-1.1,7.4,24,0,3.93
45,-1.05,7.4,24,0,3.93
45,-1.58,7.4,24,0,4.85
45,-1.45,7.4,24,0,4.85
45,-1.44,7.4,24,0,4.85
45,-0.24,7.4,24,0,0.85
45,-0.243,7.4,24,0,0.85
45,-0.242,7.4,24,0,0.85
45,-0.365,7.4,24,0,1.13
45,-0.367,7.4,24,0,1.13
45,-0.368,7.4,24,0,1.13
45,-0.767,7.4,24,0,2.03
45,-0.764,7.4,24,0,2.03
45,-0.753,7.4,24,0,2.03
45,-1.51,7.4,24,0,4
45,-1.5,7.4,24,0,4
45,-1.48,7.4,24,0,4
45,-2.28,7.4,24,0,5.64
45,-2.27,7.4,24,0,5.64
45,-2.25,7.4,24,0,5.64
46,-0.222,7.4,24,0,0.81
46,-0.222,7.4,24,0,0.81
46,-0.22,7.4,24,0,0.81
46,-0.562,7.4,24,0,1.6
46,-0.552,7.4,24,0,1.6
46,-0.544,7.4,24,0,1.6
46,-0.702,7.4,24,0,2.2
46,-0.682,7.4,24,0,2.2
46,-0.671,7.4,24,0,2.2
46,-1.16,7.4,24,0,3.93
46,-1.09,7.4,24,0,3.93
46,-1.04,7.4,24,0,3.93
46,-1.56,7.4,24,0,4.85
46,-1.44,7.4,24,0,4.85
46,-1.43,7.4,24,0,4.85
46,-0.237,7.4,24,0,0.85
46,-0.24,7.4,24,0,0.85
46,-0.239,7.4,24,0,0.85
46,-0.361,7.4,24,0,1.13
46,-0.364,7.4,24,0,1.13
46,-0.364,7.4,24,0,1.13
46,-0.758,7.4,24,0,2.03
46,-0.755,7.4,24,0,2.03
46,-0.745,7.4,24,0,2.03
46,-1.5,7.4,24,0,4
46,-1.48,7.4,24,0,4
46,-1.47,7.4,24,0,4
46,-2.25,7.4,24,0,5.64
46,-2.25,7.4,24,0,5.64
46,-2.23,7.4,24,0,5.64
47,-0.22,7.4,24,0,0.81
47,-0.22,7.4,24,0,0.81
47,-0.218,7.4,24,0,0.81
47,-0.557,7.4,24,0,1.6
47,-0.547,7.4,24,0,1.6
47,-0.539,7.4,24,0,1.6
47,-0.695,7.4,24,0,2.2
47,-0.675,7.4,24,0,2.2
47,-0.665,7.4,24,0,2.2
47,-1.14,7.4,24,0,3.93
47,-1.08,7.4,24,0,3.93
47,-1.03,7.4,24,0,3.93
47,-1.54,7.4,24,0,4.85
47,-1.42,7.4,24,0,4.85
47,-1.41,7.4,24,0,4.85
47,-0.234,7.4,24,0,0.85
47,-0.237,7.4,24,0,0.85
47,-0.237,7.4,24,0,0.85
47,-0.357,7.4,24,0,1.13
47,-0.36,7.4,24,0,1.13
47,-0.361,7.4,24,0,1.13
47,-0.752,7.4,24,0,2.03
47,-0.747,7.4,24,0,2.03
47,-0.737,7.4,24,0,2.03
47,-1.48,7.4,24,0,4
47,-1.47,7.4,24,0,4
47,-1.45,7.4,24,0,4
47,-2.23,7.4,24,0,5.64
47,-2.23,7.4,24,0,5.64
47,-2.21,7.4,24,0,5.64
48,-0.218,7.4,24,0,0.81
48,-0.218,7.4,24,0,0.81
48,-0.216,7.4,24,0,0.81
48,-0.551,7.4,24,0,1.6
48,-0.542,7.4,24,0,1.6
48,-0.535,7.4,24,0,1.6
48,-0.688,7.4,24,0,2.2
48,-0.669,7.4,24,0,2.2
48,-0.658,7.4,24,0,2.2
48,-1.13,7.4,24,0,3.93
48,-1.07,7.4,24,0,3.93
48,-1.02,7.4,24,0,3.93
48,-1.53,7.4,24,0,4.85
48,-1.41,7.4,24,0,4.85
48,-1.4,7.4,24,0,4.85
48,-0.232,7.4,24,0,0.85
48,-0.235,7.4,24,0,0.85
48,-0.234,7.4,24,0,0.85
48,-0.354,7.4,24,0,1.13
48,-0.356,7.4,24,0,1.13
48,-0.357,7.4,24,0,1.13
48,-0.744,7.4,24,0,2.03
48,-0.74,7.4,24,0,2.03
48,-0.73,7.4,24,0,2.03
48,-1.47,7.4,24,0,4
48,-1.45,7.4,24,0,4
48,-1.44,7.4,24,0,4
48,-2.21,7.4,24,0,5.64
48,-2.2,7.4,24,0,5.64
48,-2.18,7.4,24,0,5.64
49,-0.216,7.4,24,0,0.81
49,-0.216,7.4,24,0,0.81
49,-0.214,7.4,24,0,0.81
49,-0.547,7.4,24,0,1.6
49,-0.537,7.4,24,0,1.6
49,-0.53,7.4,24,0,1.6
49,-0.682,7.4,24,0,2.2
49,-0.663,7.4,24,0,2.2
49,-0.652,7.4,24,0,2.2
49,-1.12,7.4,24,0,3.93
49,-1.06,7.4,24,0,3.93
49,-1.01,7.4,24,0,3.93
49,-1.51,7.4,24,0,4.85
49,-1.39,7.4,24,0,4.85
49,-1.38,7.4,24,0,4.85
49,-0.229,7.4,24,0,0.85
49,-0.232,7.4,24,0,0.85
49,-0.232,7.4,24,0,0.85
49,-0.35,7.4,24,0,1.13
49,-0.353,7.4,24,0,1.13
49,-0.354,7.4,24,0,1.13
49,-0.737,7.4,24,0,2.03
49,-0.733,7.4,24,0,2.03
49,-0.724,7.4,24,0,2.03
49,-1.46,7.4,24,0,4
49,-1.44,7.4,24,0,4
49,-1.42,7.4,24,0,4
49,-2.19,7.4,24,0,5.64
49,-2.18,7.4,24,0,5.64
49,-2.16,7.4,24,0,5.64
50,-0.214,7.4,24,0,0.81
50,-0.214,7.4,24,0,0.81
50,-0.212,7.4,24,0,0.81
50,-0.542,7.4,24,0,1.6
50,-0.533,7.4,24,0,1.6
50,-0.525,7.4,24,0,1.6
50,-0.677,7.4,24,0,2.2
50,-0.657,7.4,24,0,2.2
50,-0.645,7.4,24,0,2.2
50,-1.11,7.4,24,0,3.93
50,-1.05,7.4,24,0,3.93
50,-0.995,7.4,24,0,3.93
50,-1.5,7.4,24,0,4.85
50,-1.38,7.4,24,0,4.85
50,-1.37,7.4,24,0,4.85
50,-0.227,7.4,24,0,0.85
50,-0.23,7.4,24,0,0.85
50,-0.229,7.4,24,0,0.85
50,-0.347,7.4,24,0,1.13
50,-0.35,7.4,24,0,1.13
50,-0.351,7.4,24,0,1.13
50,-0.73,7.4,24,0,2.03
50,-0.725,7.4,24,0,2.03
50,-0.717,7.4,24,0,2.03
50,-1.44,7.4,24,0,4
50,-1.42,7.4,24,0,4
50,-1.41,7.4,24,0,4
50,-2.17,7.4,24,0,5.64
50,-2.16,7.4,24,0,5.64
50,-2.14,7.4,24,0,5.64
0,-3.53122,10,24,1,2.2
1,-2.90632,10,24,1,2.2
2,-2.40636,10,24,1,2.2
3,-2.03133,10,24,1,2.2
4,-1.96886,10,24,1,2.2
5,-1.7844,10,24,1,2.2
6,-1.6844,10,24,1,2.2
7,-1.5969,10,24,1,2.2
8,-1.52814,10,24,1,2.2
9,-1.4719,10,24,1,2.2
10,-1.40721,10,24,1,2.2
11,-1.35846,10,24,1,2.2
12,-1.31533,10,24,1,2.2
13,-1.27596,10,24,1,2.2
14,-1.23971,10,24,1,2.2
15,-1.20658,10,24,1,2.2
16,-1.17658,10,24,1,2.2
17,-1.14783,10,24,1,2.2
18,-1.12221,10,24,1,2.2
19,-1.09783,10,24,1,2.2
20,-1.0747,10,24,1,2.2
21,-1.05408,10,24,1,2.2
22,-1.03408,10,24,1,2.2
23,-1.0147,10,24,1,2.2
24,-0.997828,10,24,1,2.2
25,-0.980327,10,24,1,2.2
26,-0.964078,10,24,1,2.2
27,-0.948452,10,24,1,2.2
28,-0.933452,10,24,1,2.2
29,-0.919702,10,24,1,2.2
30,-0.906577,10,24,1,2.2
31,-0.894077,10,24,1,2.2
32,-0.882201,10,24,1,2.2
33,-0.870326,10,24,1,2.2
34,-0.859076,10,24,1,2.2
35,-0.848451,10,24,1,2.2
36,-0.837826,10,24,1,2.2
37,-0.8272,10,24,1,2.2
38,-0.817825,10,24,1,2.2
39,-0.80845,10,24,1,2.2
40,-0.7997,10,24,1,2.2
41,-0.79095,10,24,1,2.2
42,-0.7822,10,24,1,2.2
43,-0.774075,10,24,1,2.2
44,-0.766574,10,24,1,2.2
45,-0.759075,10,24,1,2.2
46,-0.751574,10,24,1,2.2
47,-0.744075,10,24,1,2.2
48,-0.737199,10,24,1,2.2
49,-0.730948,10,24,1,2.2
50,-0.724074,10,24,1,2.2
0,-5.28145,7.4,24,1,2.2
1,-3.90625,7.4,24,1,2.2
2,-3.09372,7.4,24,1,2.2
3,-2.90632,7.4,24,1,2.2
4,-2.78139,7.4,24,1,2.2
5,-2.27816,7.4,24,1,2.2
6,-2.1219,7.4,24,1,2.2
7,-1.99065,7.4,24,1,2.2
8,-1.89066,7.4,24,1,2.2
9,-1.79691,7.4,24,1,2.2
10,-1.72034,7.4,24,1,2.2
11,-1.65221,7.4,24,1,2.2
12,-1.59159,7.4,24,1,2.2
13,-1.53721,7.4,24,1,2.2
14,-1.48721,7.4,24,1,2.2
15,-1.44284,7.4,24,1,2.2
16,-1.40158,7.4,24,1,2.2
17,-1.36346,7.4,24,1,2.2
18,-1.32846,7.4,24,1,2.2
19,-1.29596,7.4,24,1,2.2
20,-1.26471,7.4,24,1,2.2
21,-1.23596,7.4,24,1,2.2
22,-1.20971,7.4,24,1,2.2
23,-1.18408,7.4,24,1,2.2
24,-1.16096,7.4,24,1,2.2
25,-1.13845,7.4,24,1,2.2
26,-1.11783,7.4,24,1,2.2
27,-1.09783,7.4,24,1,2.2
28,-1.07845,7.4,24,1,2.2
29,-1.06095,7.4,24,1,2.2
30,-1.04408,7.4,24,1,2.2
31,-1.02783,7.4,24,1,2.2
32,-1.01158,7.4,24,1,2.2
33,-0.997202,7.4,24,1,2.2
34,-0.982828,7.4,24,1,2.2
35,-0.969077,7.4,24,1,2.2
36,-0.955952,7.4,24,1,2.2
37,-0.943452,7.4,24,1,2.2
38,-0.931576,7.4,24,1,2.2
39,-0.919702,7.4,24,1,2.2
40,-0.908451,7.4,24,1,2.2
41,-0.897826,7.4,24,1,2.2
42,-0.887201,7.4,24,1,2.2
43,-0.877202,7.4,24,1,2.2
44,-0.867826,7.4,24,1,2.2
45,-0.857825,7.4,24,1,2.2
46,-0.848451,7.4,24,1,2.2
47,-0.839701,7.4,24,1,2.2
48,-0.830951,7.4,24,1,2.2
49,-0.822825,7.4,24,1,2.2
50,-0.8147,7.4,24,1,2.2
0,-13.7815,6.4,24,1,5.5
1,-9.90653,6.4,24,1,5.5
2,-7.9689,6.4,24,1,5.5
3,-6.96898,6.4,24,1,5.5
4,-6.15644,6.4,24,1,5.5
5,-5.58447,6.4,24,1,5.5
6,-5.19071,6.4,24,1,5.5
7,-4.88445,6.4,24,1,5.5
8,-4.63445,6.4,24,1,5.5
9,-4.4157,6.4,24,1,5.5
10,-4.22819,6.4,24,1,5.5
11,-4.05943,6.4,24,1,5.5
12,-3.9032,6.4,24,1,5.5
13,-3.75975,6.4,24,1,5.5
14,-3.63037,6.4,24,1,5.5
15,-3.51037,6.4,24,1,5.5
16,-3.40037,6.4,24,1,5.5
17,-3.29786,6.4,24,1,5.5
18,-3.20286,6.4,24,1,5.5
19,-3.11473,6.4,24,1,5.5
20,-3.03348,6.4,24,1,5.5
21,-2.95786,6.4,24,1,5.5
22,-2.88723,6.4,24,1,5.5
23,-2.82098,6.4,24,1,5.5
24,-2.7591,6.4,24,1,5.5
25,-2.70035,6.4,24,1,5.5
26,-2.64598,6.4,24,1,5.5
27,-2.59473,6.4,24,1,5.5
28,-2.54598,6.4,24,1,5.5
29,-2.50035,6.4,24,1,5.5
30,-2.4566,6.4,24,1,5.5
31,-2.41535,6.4,24,1,5.5
32,-2.37597,6.4,24,1,5.5
33,-2.33847,6.4,24,1,5.5
34,-2.30222,6.4,24,1,5.5
35,-2.26847,6.4,24,1,5.5
36,-2.23597,6.4,24,1,5.5
37,-2.20472,6.4,24,1,5.5
38,-2.17472,6.4,24,1,5.5
39,-2.14597,6.4,24,1,5.5
40,-2.11847,6.4,24,1,5.5
41,-2.09159,6.4,24,1,5.5
42,-2.06597,6.4,24,1,5.5
43,-2.04159,6.4,24,1,5.5
44,-2.01784,6.4,24,1,5.5
45,-1.99534,6.4,24,1,5.5
46,-1.97284,6.4,24,1,5.5
47,-1.95222,6.4,24,1,5.5
48,-1.93159,6.4,24,1,5.5
49,-1.91159,6.4,24,1,5.5
50,-1.89347,6.4,24,1,5.5
0,-2.71893,7.04,20,1,0.8
1,-1.90639,7.04,20,1,0.8
2,-1.71876,7.04,20,1,0.8
3,-1.4689,7.04,20,1,0.8
4,-1.2188,7.04,20,1,0.8
5,-1.05314,7.04,20,1,0.8
6,-0.990653,7.04,20,1,0.8
7,-0.921893,7.04,20,1,0.8
8,-0.88439,7.04,20,1,0.8
9,-0.84064,7.04,20,1,0.8
10,-0.800325,7.04,20,1,0.8
11,-0.769074,7.04,20,1,0.8
12,-0.741574,7.04,20,1,0.8
13,-0.716574,7.04,20,1,0.8
14,-0.694073,7.04,20,1,0.8
15,-0.674073,7.04,20,1,0.8
16,-0.655323,7.04,20,1,0.8
17,-0.638448,7.04,20,1,0.8
18,-0.622197,7.04,20,1,0.8
19,-0.607197,7.04,20,1,0.8
20,-0.593446,7.04,20,1,0.8
21,-0.580946,7.04,20,1,0.8
22,-0.569072,7.04,20,1,0.8
23,-0.557821,7.04,20,1,0.8
24,-0.547822,7.04,20,1,0.8
25,-0.537821,7.04,20,1,0.8
26,-0.528445,7.04,20,1,0.8
27,-0.518446,7.04,20,1,0.8
28,-0.510321,7.04,20,1,0.8
29,-0.501571,7.04,20,1,0.8
30,-0.492601,7.04,20,1,0.8
31,-0.485039,7.04,20,1,0.8
32,-0.477851,7.04,20,1,0.8
33,-0.471038,7.04,20,1,0.8
34,-0.464288,7.04,20,1,0.8
35,-0.457788,7.04,20,1,0.8
36,-0.451601,7.04,20,1,0.8
37,-0.445788,7.04,20,1,0.8
38,-0.440225,7.04,20,1,0.8
39,-0.434913,7.04,20,1,0.8
40,-0.429663,7.04,20,1,0.8
41,-0.424788,7.04,20,1,0.8
42,-0.419975,7.04,20,1,0.8
43,-0.415413,7.04,20,1,0.8
44,-0.410913,7.04,20,1,0.8
45,-0.406662,7.04,20,1,0.8
46,-0.402475,7.04,20,1,0.8
47,-0.398412,7.04,20,1,0.8
48,-0.394475,7.04,20,1,0.8
49,-0.390787,7.04,20,1,0.8
50,-0.387162,7.04,20,1,0.8
0,-14.7815,5.2,24,1,5.5
1,-10.5939,5.2,24,1,5.5
2,-8.78143,5.2,24,1,5.5
3,-7.65634,5.2,24,1,5.5
4,-6.90627,5.2,24,1,5.5
5,-6.04697,5.2,24,1,5.5
6,-5.60946,5.2,24,1,5.5
7,-5.25945,5.2,24,1,5.5
8,-4.95945,5.2,24,1,5.5
9,-4.69069,5.2,24,1,5.5
10,-4.47195,5.2,24,1,5.5
11,-4.27194,5.2,24,1,5.5
12,-4.09069,5.2,24,1,5.5
13,-3.93443,5.2,24,1,5.5
14,-3.78975,5.2,24,1,5.5
15,-3.66224,5.2,24,1,5.5
16,-3.54724,5.2,24,1,5.5
17,-3.44224,5.2,24,1,5.5
18,-3.34599,5.2,24,1,5.5
19,-3.25724,5.2,24,1,5.5
20,-3.17474,5.2,24,1,5.5
21,-3.09849,5.2,24,1,5.5
22,-3.02786,5.2,24,1,5.5
23,-2.96223,5.2,24,1,5.5
24,-2.89973,5.2,24,1,5.5
25,-2.84161,5.2,24,1,5.5
26,-2.78661,5.2,24,1,5.5
27,-2.73473,5.2,24,1,5.5
28,-2.68598,5.2,24,1,5.5
29,-2.64035,5.2,24,1,5.5
30,-2.59598,5.2,24,1,5.5
31,-2.5541,5.2,24,1,5.5
32,-2.51473,5.2,24,1,5.5
33,-2.4766,5.2,24,1,5.5
34,-2.44035,5.2,24,1,5.5
35,-2.40535,5.2,24,1,5.5
36,-2.37222,5.2,24,1,5.5
37,-2.34035,5.2,24,1,5.5
38,-2.3091,5.2,24,1,5.5
39,-2.27972,5.2,24,1,5.5
40,-2.2516,5.2,24,1,5.5
41,-2.2241,5.2,24,1,5.5
42,-2.19785,5.2,24,1,5.5
43,-2.17222,5.2,24,1,5.5
44,-2.14722,5.2,24,1,5.5
45,-2.12347,5.2,24,1,5.5
46,-2.10034,5.2,24,1,5.5
47,-2.07847,5.2,24,1,5.5
48,-2.05722,5.2,24,1,5.5
49,-2.03659,5.2,24,1,5.5
50,-2.01659,5.2,24,1,5.5
0,-2.90632,7.04,25,1,0.8
1,-1.90639,7.04,25,1,0.8
2,-1.78123,7.04,25,1,0.8
3,-1.53136,7.04,25,1,0.8
4,-1.15633,7.04,25,1,0.8
5,-1.05314,7.04,25,1,0.8
6,-0.971889,7.04,25,1,0.8
7,-0.915647,7.04,25,1,0.8
8,-0.853133,7.04,25,1,0.8
9,-0.81563,7.04,25,1,0.8
10,-0.769074,7.04,25,1,0.8
11,-0.735949,7.04,25,1,0.8
12,-0.708449,7.04,25,1,0.8
13,-0.682198,7.04,25,1,0.8
14,-0.660323,7.04,25,1,0.8
15,-0.639697,7.04,25,1,0.8
16,-0.620947,7.04,25,1,0.8
17,-0.604072,7.04,25,1,0.8
18,-0.587196,7.04,25,1,0.8
19,-0.572821,7.04,25,1,0.8
20,-0.559696,7.04,25,1,0.8
21,-0.546571,7.04,25,1,0.8
22,-0.534695,7.04,25,1,0.8
23,-0.523446,7.04,25,1,0.8
24,-0.513445,7.04,25,1,0.8
25,-0.503446,7.04,25,1,0.8
26,-0.49407,7.04,25,1,0.8
27,-0.48532,7.04,25,1,0.8
28,-0.477195,7.04,25,1,0.8
29,-0.469694,7.04,25,1,0.8
30,-0.461569,7.04,25,1,0.8
31,-0.454071,7.04,25,1,0.8
32,-0.447819,7.04,25,1,0.8
33,-0.440319,7.04,25,1,0.8
34,-0.434694,7.04,25,1,0.8
35,-0.428445,7.04,25,1,0.8
36,-0.422819,7.04,25,1,0.8
37,-0.417819,7.04,25,1,0.8
38,-0.412195,7.04,25,1,0.8
39,-0.407195,7.04,25,1,0.8
40,-0.402193,7.04,25,1,0.8
41,-0.397818,7.04,25,1,0.8
42,-0.391725,7.04,25,1,0.8
43,-0.38735,7.04,25,1,0.8
44,-0.3831,7.04,25,1,0.8
45,-0.379037,7.04,25,1,0.8
46,-0.375224,7.04,25,1,0.8
47,-0.371349,7.04,25,1,0.8
48,-0.367787,7.04,25,1,0.8
49,-0.364412,7.04,25,1,0.8
50,-0.361287,7.04,25,1,0.8
0,-13.344,8.4,24,1,5.5
1,-9.65643,8.4,24,1,5.5
2,-7.90644,8.4,24,1,5.5
3,-6.90627,8.4,24,1,5.5
4,-5.96881,8.4,24,1,5.5
5,-5.44071,8.4,24,1,5.5
6,-5.04071,8.4,24,1,5.5
7,-4.72195,8.4,24,1,5.5
8,-4.45321,8.4,24,1,5.5
9,-4.22194,8.4,24,1,5.5
10,-4.02818,8.4,24,1,5.5
11,-3.85942,8.4,24,1,5.5
12,-3.69912,8.4,24,1,5.5
13,-3.56474,8.4,24,1,5.5
14,-3.44349,8.4,24,1,5.5
15,-3.33349,8.4,24,1,5.5
16,-3.23349,8.4,24,1,5.5
17,-3.14099,8.4,24,1,5.5
18,-3.05723,8.4,24,1,5.5
19,-2.97911,8.4,24,1,5.5
20,-2.90661,8.4,24,1,5.5
21,-2.83973,8.4,24,1,5.5
22,-2.7766,8.4,24,1,5.5
23,-2.71848,8.4,24,1,5.5
24,-2.66348,8.4,24,1,5.5
25,-2.6116,8.4,24,1,5.5
26,-2.56285,8.4,24,1,5.5
27,-2.5166,8.4,24,1,5.5
28,-2.47285,8.4,24,1,5.5
29,-2.4316,8.4,24,1,5.5
30,-2.39222,8.4,24,1,5.5
31,-2.3541,8.4,24,1,5.5
32,-2.31847,8.4,24,1,5.5
33,-2.2841,8.4,24,1,5.5
34,-2.25097,8.4,24,1,5.5
35,-2.21972,8.4,24,1,5.5
36,-2.1891,8.4,24,1,5.5
37,-2.16035,8.4,24,1,5.5
38,-2.13284,8.4,24,1,5.5
39,-2.10597,8.4,24,1,5.5
40,-2.07972,8.4,24,1,5.5
41,-2.05534,8.4,24,1,5.5
42,-2.03159,8.4,24,1,5.5
43,-2.00847,8.4,24,1,5.5
44,-1.98659,8.4,24,1,5.5
45,-1.96534,8.4,24,1,5.5
46,-1.94472,8.4,24,1,5.5
47,-1.92472,8.4,24,1,5.5
48,-1.90534,8.4,24,1,5.5
49,-1.88659,8.4,24,1,5.5
50,-1.86909,8.4,24,1,5.5
0,-5.15628,8.4,24,1,2.2
1,-3.90625,8.4,24,1,2.2
2,-3.09372,8.4,24,1,2.2
3,-2.90632,8.4,24,1,2.2
4,-2.65622,8.4,24,1,2.2
5,-2.22192,8.4,24,1,2.2
6,-2.07191,8.4,24,1,2.2
7,-1.9469,8.4,24,1,2.2
8,-1.84066,8.4,24,1,2.2
9,-1.75941,8.4,24,1,2.2
10,-1.67346,8.4,24,1,2.2
11,-1.60596,8.4,24,1,2.2
12,-1.54596,8.4,24,1,2.2
13,-1.49284,8.4,24,1,2.2
14,-1.44408,8.4,24,1,2.2
15,-1.40096,8.4,24,1,2.2
16,-1.36096,8.4,24,1,2.2
17,-1.32471,8.4,24,1,2.2
18,-1.29096,8.4,24,1,2.2
19,-1.25971,8.4,24,1,2.2
20,-1.23033,8.4,24,1,2.2
21,-1.20283,8.4,24,1,2.2
22,-1.17721,8.4,24,1,2.2
23,-1.15345,8.4,24,1,2.2
24,-1.13096,8.4,24,1,2.2
25,-1.1097,8.4,24,1,2.2
26,-1.09033,8.4,24,1,2.2
27,-1.07158,8.4,24,1,2.2
28,-1.05345,8.4,24,1,2.2
29,-1.03658,8.4,24,1,2.2
30,-1.0197,8.4,24,1,2.2
31,-1.00408,8.4,24,1,2.2
32,-0.989703,8.4,24,1,2.2
33,-0.975327,8.4,24,1,2.2
34,-0.961578,8.4,24,1,2.2
35,-0.948452,8.4,24,1,2.2
36,-0.935951,8.4,24,1,2.2
37,-0.924077,8.4,24,1,2.2
38,-0.912826,8.4,24,1,2.2
39,-0.901576,8.4,24,1,2.2
40,-0.890951,8.4,24,1,2.2
41,-0.880326,8.4,24,1,2.2
42,-0.870326,8.4,24,1,2.2
43,-0.860326,8.4,24,1,2.2
44,-0.85095,8.4,24,1,2.2
45,-0.842201,8.4,24,1,2.2
46,-0.832826,8.4,24,1,2.2
47,-0.824701,8.4,24,1,2.2
48,-0.815951,8.4,24,1,2.2
49,-0.807825,8.4,24,1,2.2
50,-0.800325,8.4,24,1,2.2
0,-3.53,5.2,24,1,0.9
0,-3.22,5.2,24,1,0.9
0,-3.09,5.2,24,1,0.9
0,-2.91,5.2,24,1,0.9
0,-2.84,5.2,24,1,0.9
1,-2.41,5.2,24,1,0.9
1,-2.16,5.2,24,1,0.9
1,-2.03,5.2,24,1,0.9
1,-1.91,5.2,24,1,0.9
1,-1.91,5.2,24,1,0.9
2,-1.91,5.2,24,1,0.9
2,-1.91,5.2,24,1,0.9
2,-1.91,5.2,24,1,0.9
2,-1.78,5.2,24,1,0.9
2,-1.72,5.2,24,1,0.9
3,-1.91,5.2,24,1,0.9
3,-1.47,5.2,24,1,0.9
3,-1.72,5.2,24,1,0.9
3,-1.41,5.2,24,1,0.9
3,-1.34,5.2,24,1,0.9
4,-1.66,5.2,24,1,0.9
4,-1.29,5.2,24,1,0.9
4,-1.34,5.2,24,1,0.9
4,-1.16,5.2,24,1,0.9
4,-1.09,5.2,24,1,0.9
5,-1.27,5.2,24,1,0.9
5,-1.17,5.2,24,1,0.9
5,-1.13,5.2,24,1,0.9
5,-1.03,5.2,24,1,0.9
5,-1.02,5.2,24,1,0.9
6,-1.17,5.2,24,1,0.9
6,-1.08,5.2,24,1,0.9
6,-1.04,5.2,24,1,0.9
6,-0.953,5.2,24,1,0.9
6,-0.947,5.2,24,1,0.9
7,-1.08,5.2,24,1,0.9
7,-1,5.2,24,1,0.9
7,-0.972,5.2,24,1,0.9
7,-0.903,5.2,24,1,0.9
7,-0.903,5.2,24,1,0.9
8,-1.02,5.2,24,1,0.9
8,-0.939,5.2,24,1,0.9
8,-0.909,5.2,24,1,0.9
8,-0.847,5.2,24,1,0.9
8,-0.847,5.2,24,1,0.9
9,-0.972,5.2,24,1,0.9
9,-0.887,5.2,24,1,0.9
9,-0.866,5.2,24,1,0.9
9,-0.816,5.2,24,1,0.9
9,-0.816,5.2,24,1,0.9
10,-0.916,5.2,24,1,0.9
10,-0.842,5.2,24,1,0.9
10,-0.814,5.2,24,1,0.9
10,-0.77,5.2,24,1,0.9
10,-0.776,5.2,24,1,0.9
11,-0.875,5.2,24,1,0.9
11,-0.804,5.2,24,1,0.9
11,-0.777,5.2,24,1,0.9
11,-0.74,5.2,24,1,0.9
11,-0.748,5.2,24,1,0.9
12,-0.839,5.2,24,1,0.9
12,-0.77,5.2,24,1,0.9
12,-0.745,5.2,24,1,0.9
12,-0.714,5.2,24,1,0.9
12,-0.723,5.2,24,1,0.9
13,-0.806,5.2,24,1,0.9
13,-0.741,5.2,24,1,0.9
13,-0.717,5.2,24,1,0.9
13,-0.69,5.2,24,1,0.9
13,-0.701,5.2,24,1,0.9
14,-0.777,5.2,24,1,0.9
14,-0.714,5.2,24,1,0.9
14,-0.692,5.2,24,1,0.9
14,-0.669,5.2,24,1,0.9
14,-0.681,5.2,24,1,0.9
15,-0.751,5.2,24,1,0.9
15,-0.69,5.2,24,1,0.9
15,-0.668,5.2,24,1,0.9
15,-0.65,5.2,24,1,0.9
15,-0.662,5.2,24,1,0.9
16,-0.727,5.2,24,1,0.9
16,-0.668,5.2,24,1,0.9
16,-0.648,5.2,24,1,0.9
16,-0.633,5.2,24,1,0.9
16,-0.645,5.2,24,1,0.9
17,-0.705,5.2,24,1,0.9
17,-0.648,5.2,24,1,0.9
17,-0.629,5.2,24,1,0.9
17,-0.617,5.2,24,1,0.9
17,-0.63,5.2,24,1,0.9
18,-0.685,5.2,24,1,0.9
18,-0.63,5.2,24,1,0.9
18,-0.612,5.2,24,1,0.9
18,-0.602,5.2,24,1,0.9
18,-0.615,5.2,24,1,0.9
19,-0.667,5.2,24,1,0.9
19,-0.614,5.2,24,1,0.9
19,-0.595,5.2,24,1,0.9
19,-0.588,5.2,24,1,0.9
19,-0.602,5.2,24,1,0.9
20,-0.649,5.2,24,1,0.9
20,-0.598,5.2,24,1,0.9
20,-0.581,5.2,24,1,0.9
20,-0.576,5.2,24,1,0.9
20,-0.589,5.2,24,1,0.9
21,-0.633,5.2,24,1,0.9
21,-0.584,5.2,24,1,0.9
21,-0.567,5.2,24,1,0.9
21,-0.564,5.2,24,1,0.9
21,-0.577,5.2,24,1,0.9
22,-0.618,5.2,24,1,0.9
22,-0.571,5.2,24,1,0.9
22,-0.554,5.2,24,1,0.9
22,-0.553,5.2,24,1,0.9
22,-0.565,5.2,24,1,0.9
23,-0.603,5.2,24,1,0.9
23,-0.558,5.2,24,1,0.9
23,-0.542,5.2,24,1,0.9
23,-0.543,5.2,24,1,0.9
23,-0.555,5.2,24,1,0.9
24,-0.591,5.2,24,1,0.9
24,-0.547,5.2,24,1,0.9
24,-0.532,5.2,24,1,0.9
24,-0.533,5.2,24,1,0.9
24,-0.544,5.2,24,1,0.9
25,-0.578,5.2,24,1,0.9
25,-0.536,5.2,24,1,0.9
25,-0.521,5.2,24,1,0.9
25,-0.524,5.2,24,1,0.9
25,-0.535,5.2,24,1,0.9
26,-0.567,5.2,24,1,0.9
26,-0.525,5.2,24,1,0.9
26,-0.512,5.2,24,1,0.9
26,-0.516,5.2,24,1,0.9
26,-0.525,5.2,24,1,0.9
27,-0.556,5.2,24,1,0.9
27,-0.516,5.2,24,1,0.9
27,-0.502,5.2,24,1,0.9
27,-0.508,5.2,24,1,0.9
27,-0.517,5.2,24,1,0.9
28,-0.545,5.2,24,1,0.9
28,-0.507,5.2,24,1,0.9
28,-0.493,5.2,24,1,0.9
28,-0.5,5.2,24,1,0.9
28,-0.508,5.2,24,1,0.9
29,-0.535,5.2,24,1,0.9
29,-0.498,5.2,24,1,0.9
29,-0.485,5.2,24,1,0.9
29,-0.493,5.2,24,1,0.9
29,-0.5,5.2,24,1,0.9
30,-0.527,5.2,24,1,0.9
30,-0.49,5.2,24,1,0.9
30,-0.477,5.2,24,1,0.9
30,-0.486,5.2,24,1,0.9
30,-0.492,5.2,24,1,0.9
31,-0.518,5.2,24,1,0.9
31,-0.482,5.2,24,1,0.9
31,-0.47,5.2,24,1,0.9
31,-0.48,5.2,24,1,0.9
31,-0.485,5.2,24,1,0.9
32,-0.509,5.2,24,1,0.9
32,-0.475,5.2,24,1,0.9
32,-0.463,5.2,24,1,0.9
32,-0.473,5.2,24,1,0.9
32,-0.478,5.2,24,1,0.9
33,-0.502,5.2,24,1,0.9
33,-0.468,5.2,24,1,0.9
33,-0.456,5.2,24,1,0.9
33,-0.467,5.2,24,1,0.9
33,-0.472,5.2,24,1,0.9
34,-0.494,5.2,24,1,0.9
34,-0.462,5.2,24,1,0.9
34,-0.45,5.2,24,1,0.9
34,-0.462,5.2,24,1,0.9
34,-0.465,5.2,24,1,0.9
35,-0.487,5.2,24,1,0.9
35,-0.455,5.2,24,1,0.9
35,-0.444,5.2,24,1,0.9
35,-0.456,5.2,24,1,0.9
35,-0.459,5.2,24,1,0.9
36,-0.48,5.2,24,1,0.9
36,-0.45,5.2,24,1,0.9
36,-0.438,5.2,24,1,0.9
36,-0.451,5.2,24,1,0.9
36,-0.453,5.2,24,1,0.9
37,-0.473,5.2,24,1,0.9
37,-0.443,5.2,24,1,0.9
37,-0.432,5.2,24,1,0.9
37,-0.445,5.2,24,1,0.9
37,-0.448,5.2,24,1,0.9
38,-0.468,5.2,24,1,0.9
38,-0.437,5.2,24,1,0.9
38,-0.427,5.2,24,1,0.9
38,-0.44,5.2,24,1,0.9
38,-0.442,5.2,24,1,0.9
39,-0.462,5.2,24,1,0.9
39,-0.431,5.2,24,1,0.9
39,-0.422,5.2,24,1,0.9
39,-0.435,5.2,24,1,0.9
39,-0.437,5.2,24,1,0.9
40,-0.457,5.2,24,1,0.9
40,-0.426,5.2,24,1,0.9
40,-0.417,5.2,24,1,0.9
40,-0.431,5.2,24,1,0.9
40,-0.432,5.2,24,1,0.9
41,-0.452,5.2,24,1,0.9
41,-0.421,5.2,24,1,0.9
41,-0.412,5.2,24,1,0.9
41,-0.426,5.2,24,1,0.9
41,-0.427,5.2,24,1,0.9
42,-0.447,5.2,24,1,0.9
42,-0.416,5.2,24,1,0.9
42,-0.408,5.2,24,1,0.9
42,-0.422,5.2,24,1,0.9
42,-0.423,5.2,24,1,0.9
43,-0.442,5.2,24,1,0.9
43,-0.412,5.2,24,1,0.9
43,-0.403,5.2,24,1,0.9
43,-0.418,5.2,24,1,0.9
43,-0.418,5.2,24,1,0.9
44,-0.437,5.2,24,1,0.9
44,-0.407,5.2,24,1,0.9
44,-0.4,5.2,24,1,0.9
44,-0.415,5.2,24,1,0.9
44,-0.414,5.2,24,1,0.9
45,-0.433,5.2,24,1,0.9
45,-0.403,5.2,24,1,0.9
45,-0.394,5.2,24,1,0.9
45,-0.411,5.2,24,1,0.9
45,-0.41,5.2,24,1,0.9
46,-0.43,5.2,24,1,0.9
46,-0.399,5.2,24,1,0.9
46,-0.39,5.2,24,1,0.9
46,-0.407,5.2,24,1,0.9
46,-0.406,5.2,24,1,0.9
47,-0.426,5.2,24,1,0.9
47,-0.395,5.2,24,1,0.9
47,-0.386,5.2,24,1,0.9
47,-0.404,5.2,24,1,0.9
47,-0.402,5.2,24,1,0.9
48,-0.422,5.2,24,1,0.9
48,-0.391,5.2,24,1,0.9
48,-0.382,5.2,24,1,0.9
48,-0.401,5.2,24,1,0.9
48,-0.399,5.2,24,1,0.9
49,-0.419,5.2,24,1,0.9
49,-0.388,5.2,24,1,0.9
49,-0.378,5.2,24,1,0.9
49,-0.398,5.2,24,1,0.9
49,-0.395,5.2,24,1,0.9
50,-0.415,5.2,24,1,0.9
50,-0.384,5.2,24,1,0.9
50,-0.375,5.2,24,1,0.9
50,-0.395,5.2,24,1,0.9
50,-0.392,5.2,24,1,0.9
0,-3.09372,8.4,24,1,0.9
1,-2.03133,8.4,24,1,0.9
2,-1.90639,8.4,24,1,0.9
3,-1.71876,8.4,24,1,0.9
4,-1.34373,8.4,24,1,0.9
5,-1.1344,8.4,24,1,0.9
6,-1.04065,8.4,24,1,0.9
7,-0.971889,8.4,24,1,0.9
8,-0.9094,8.4,24,1,0.9
9,-0.86565,8.4,24,1,0.9
10,-0.81345,8.4,24,1,0.9
11,-0.776575,8.4,24,1,0.9
12,-0.744699,8.4,24,1,0.9
13,-0.716574,8.4,24,1,0.9
14,-0.691574,8.4,24,1,0.9
15,-0.668448,8.4,24,1,0.9
16,-0.647823,8.4,24,1,0.9
17,-0.629072,8.4,24,1,0.9
18,-0.611572,8.4,24,1,0.9
19,-0.595322,8.4,24,1,0.9
20,-0.580946,8.4,24,1,0.9
21,-0.567197,8.4,24,1,0.9
22,-0.554072,8.4,24,1,0.9
23,-0.542196,8.4,24,1,0.9
24,-0.531571,8.4,24,1,0.9
25,-0.520946,8.4,24,1,0.9
26,-0.51157,8.4,24,1,0.9
27,-0.502195,8.4,24,1,0.9
28,-0.493445,8.4,24,1,0.9
29,-0.48532,8.4,24,1,0.9
30,-0.477195,8.4,24,1,0.9
31,-0.470319,8.4,24,1,0.9
32,-0.462821,8.4,24,1,0.9
33,-0.455945,8.4,24,1,0.9
34,-0.449696,8.4,24,1,0.9
35,-0.444069,8.4,24,1,0.9
36,-0.43782,8.4,24,1,0.9
37,-0.432193,8.4,24,1,0.9
38,-0.427194,8.4,24,1,0.9
39,-0.421569,8.4,24,1,0.9
40,-0.417194,8.4,24,1,0.9
41,-0.412195,8.4,24,1,0.9
42,-0.40782,8.4,24,1,0.9
43,-0.403445,8.4,24,1,0.9
44,-0.399694,8.4,24,1,0.9
45,-0.393537,8.4,24,1,0.9
46,-0.389537,8.4,24,1,0.9
47,-0.385662,8.4,24,1,0.9
48,-0.381975,8.4,24,1,0.9
49,-0.378412,8.4,24,1,0.9
50,-0.374974,8.4,24,1,0.9
0,-6.40631,6.4,24,1,2.2
1,-4.59385,6.4,24,1,2.2
2,-3.84378,6.4,24,1,2.2
3,-3.03125,6.4,24,1,2.2
4,-2.90632,6.4,24,1,2.2
5,-2.47192,6.4,24,1,2.2
6,-2.27816,6.4,24,1,2.2
7,-2.12815,6.4,24,1,2.2
8,-2.00317,6.4,24,1,2.2
9,-1.89691,6.4,24,1,2.2
10,-1.80534,6.4,24,1,2.2
11,-1.72659,6.4,24,1,2.2
12,-1.65721,6.4,24,1,2.2
13,-1.59471,6.4,24,1,2.2
14,-1.53971,6.4,24,1,2.2
15,-1.48971,6.4,24,1,2.2
16,-1.44408,6.4,24,1,2.2
17,-1.40221,6.4,24,1,2.2
18,-1.36408,6.4,24,1,2.2
19,-1.32846,6.4,24,1,2.2
20,-1.29596,6.4,24,1,2.2
21,-1.26533,6.4,24,1,2.2
22,-1.23721,6.4,24,1,2.2
23,-1.21033,6.4,24,1,2.2
24,-1.18471,6.4,24,1,2.2
25,-1.16033,6.4,24,1,2.2
26,-1.13783,6.4,24,1,2.2
27,-1.11658,6.4,24,1,2.2
28,-1.0972,6.4,24,1,2.2
29,-1.07783,6.4,24,1,2.2
30,-1.0597,6.4,24,1,2.2
31,-1.04283,6.4,24,1,2.2
32,-1.02658,6.4,24,1,2.2
33,-1.01158,6.4,24,1,2.2
34,-0.995953,6.4,24,1,2.2
35,-0.981578,6.4,24,1,2.2
36,-0.968453,6.4,24,1,2.2
37,-0.955328,6.4,24,1,2.2
38,-0.942827,6.4,24,1,2.2
39,-0.930952,6.4,24,1,2.2
40,-0.919076,6.4,24,1,2.2
41,-0.909702,6.4,24,1,2.2
42,-0.897201,6.4,24,1,2.2
43,-0.886576,6.4,24,1,2.2
44,-0.876576,6.4,24,1,2.2
45,-0.866576,6.4,24,1,2.2
46,-0.857201,6.4,24,1,2.2
47,-0.847826,6.4,24,1,2.2
48,-0.839701,6.4,24,1,2.2
49,-0.831575,6.4,24,1,2.2
50,-0.82345,6.4,24,1,2.2
0,-9.90653,10,24,1,5.5
1,-7.40647,10,24,1,5.5
2,-6.09398,10,24,1,5.5
3,-5.65624,10,24,1,5.5
4,-4.96888,10,24,1,5.5
5,-4.50945,10,24,1,5.5
6,-4.21569,10,24,1,5.5
7,-3.97818,10,24,1,5.5
8,-3.7782,10,24,1,5.5
9,-3.60317,10,24,1,5.5
10,-3.45037,10,24,1,5.5
11,-3.31786,10,24,1,5.5
12,-3.19974,10,24,1,5.5
13,-3.09286,10,24,1,5.5
14,-2.99598,10,24,1,5.5
15,-2.90786,10,24,1,5.5
16,-2.82661,10,24,1,5.5
17,-2.7516,10,24,1,5.5
18,-2.68223,10,24,1,5.5
19,-2.61785,10,24,1,5.5
20,-2.5566,10,24,1,5.5
21,-2.50035,10,24,1,5.5
22,-2.4466,10,24,1,5.5
23,-2.3966,10,24,1,5.5
24,-2.3491,10,24,1,5.5
25,-2.3041,10,24,1,5.5
26,-2.26097,10,24,1,5.5
27,-2.22097,10,24,1,5.5
28,-2.18347,10,24,1,5.5
29,-2.1466,10,24,1,5.5
30,-2.11159,10,24,1,5.5
31,-2.07847,10,24,1,5.5
32,-2.04659,10,24,1,5.5
33,-2.01659,10,24,1,5.5
34,-1.98784,10,24,1,5.5
35,-1.95972,10,24,1,5.5
36,-1.93284,10,24,1,5.5
37,-1.90722,10,24,1,5.5
38,-1.88222,10,24,1,5.5
39,-1.85847,10,24,1,5.5
40,-1.83597,10,24,1,5.5
41,-1.81347,10,24,1,5.5
42,-1.79222,10,24,1,5.5
43,-1.77159,10,24,1,5.5
44,-1.75159,10,24,1,5.5
45,-1.73284,10,24,1,5.5
46,-1.71409,10,24,1,5.5
47,-1.69596,10,24,1,5.5
48,-1.67909,10,24,1,5.5
49,-1.66159,10,24,1,5.5
50,-1.64534,10,24,1,5.5
0,-2.97,7.04,24,1,0.9
0,-2.91,7.04,24,1,0.9
0,-2.84,7.04,24,1,0.8
0,-2.91,7.04,24,1,0.9
1,-1.97,7.04,24,1,0.9
1,-1.97,7.04,24,1,0.9
1,-1.91,7.04,24,1,0.8
1,-1.91,7.04,24,1,0.9
2,-1.6,7.04,24,1,0.9
2,-1.84,7.04,24,1,0.9
2,-1.53,7.04,24,1,0.8
2,-1.72,7.04,24,1,0.9
3,-1.39,7.04,24,1,0.9
3,-1.59,7.04,24,1,0.9
3,-1.16,7.04,24,1,0.8
3,-1.34,7.04,24,1,0.9
4,-1.25,7.04,24,1,0.9
4,-1.28,7.04,24,1,0.9
4,-1.03,7.04,24,1,0.8
4,-1.16,7.04,24,1,0.9
5,-1.14,7.04,24,1,0.9
5,-1.1,7.04,24,1,0.9
5,-0.953,7.04,24,1,0.8
5,-1.05,7.04,24,1,0.9
6,-1.07,7.04,24,1,0.9
6,-1.03,7.04,24,1,0.9
6,-0.878,7.04,24,1,0.8
6,-0.984,7.04,24,1,0.9
7,-0.985,7.04,24,1,0.9
7,-0.972,7.04,24,1,0.9
7,-0.828,7.04,24,1,0.8
7,-0.941,7.04,24,1,0.9
8,-0.931,7.04,24,1,0.9
8,-0.909,7.04,24,1,0.9
8,-0.784,7.04,24,1,0.8
8,-0.891,7.04,24,1,0.9
9,-0.885,7.04,24,1,0.9
9,-0.872,7.04,24,1,0.9
9,-0.753,7.04,24,1,0.8
9,-0.853,7.04,24,1,0.9
10,-0.845,7.04,24,1,0.9
10,-0.824,7.04,24,1,0.9
10,-0.714,7.04,24,1,0.8
10,-0.812,7.04,24,1,0.9
11,-0.81,7.04,24,1,0.9
11,-0.789,7.04,24,1,0.9
11,-0.687,7.04,24,1,0.8
11,-0.78,7.04,24,1,0.9
12,-0.779,7.04,24,1,0.9
12,-0.758,7.04,24,1,0.9
12,-0.663,7.04,24,1,0.8
12,-0.752,7.04,24,1,0.9
13,-0.751,7.04,24,1,0.9
13,-0.732,7.04,24,1,0.9
13,-0.642,7.04,24,1,0.8
13,-0.727,7.04,24,1,0.9
14,-0.727,7.04,24,1,0.9
14,-0.707,7.04,24,1,0.9
14,-0.622,7.04,24,1,0.8
14,-0.704,7.04,24,1,0.9
15,-0.704,7.04,24,1,0.9
15,-0.685,7.04,24,1,0.9
15,-0.605,7.04,24,1,0.8
15,-0.683,7.04,24,1,0.9
16,-0.683,7.04,24,1,0.9
16,-0.665,7.04,24,1,0.9
16,-0.589,7.04,24,1,0.8
16,-0.664,7.04,24,1,0.9
17,-0.665,7.04,24,1,0.9
17,-0.647,7.04,24,1,0.9
17,-0.575,7.04,24,1,0.8
17,-0.647,7.04,24,1,0.9
18,-0.647,7.04,24,1,0.9
18,-0.63,7.04,24,1,0.9
18,-0.562,7.04,24,1,0.8
18,-0.63,7.04,24,1,0.9
19,-0.632,7.04,24,1,0.9
19,-0.614,7.04,24,1,0.9
19,-0.549,7.04,24,1,0.8
19,-0.617,7.04,24,1,0.9
20,-0.617,7.04,24,1,0.9
20,-0.598,7.04,24,1,0.9
20,-0.538,7.04,24,1,0.8
20,-0.602,7.04,24,1,0.9
21,-0.603,7.04,24,1,0.9
21,-0.585,7.04,24,1,0.9
21,-0.527,7.04,24,1,0.8
21,-0.589,7.04,24,1,0.9
22,-0.59,7.04,24,1,0.9
22,-0.573,7.04,24,1,0.9
22,-0.517,7.04,24,1,0.8
22,-0.577,7.04,24,1,0.9
23,-0.578,7.04,24,1,0.9
23,-0.561,7.04,24,1,0.9
23,-0.508,7.04,24,1,0.8
23,-0.566,7.04,24,1,0.9
24,-0.567,7.04,24,1,0.9
24,-0.55,7.04,24,1,0.9
24,-0.498,7.04,24,1,0.8
24,-0.556,7.04,24,1,0.9
25,-0.556,7.04,24,1,0.9
25,-0.539,7.04,24,1,0.9
25,-0.491,7.04,24,1,0.8
25,-0.545,7.04,24,1,0.9
26,-0.546,7.04,24,1,0.9
26,-0.529,7.04,24,1,0.9
26,-0.485,7.04,24,1,0.8
26,-0.536,7.04,24,1,0.9
27,-0.537,7.04,24,1,0.9
27,-0.52,7.04,24,1,0.9
27,-0.475,7.04,24,1,0.8
27,-0.527,7.04,24,1,0.9
28,-0.527,7.04,24,1,0.9
28,-0.512,7.04,24,1,0.9
28,-0.468,7.04,24,1,0.8
28,-0.518,7.04,24,1,0.9
29,-0.518,7.04,24,1,0.9
29,-0.503,7.04,24,1,0.9
29,-0.462,7.04,24,1,0.8
29,-0.51,7.04,24,1,0.9
30,-0.51,7.04,24,1,0.9
30,-0.495,7.04,24,1,0.9
30,-0.454,7.04,24,1,0.8
30,-0.502,7.04,24,1,0.9
31,-0.503,7.04,24,1,0.9
31,-0.487,7.04,24,1,0.9
31,-0.448,7.04,24,1,0.8
31,-0.495,7.04,24,1,0.9
32,-0.495,7.04,24,1,0.9
32,-0.48,7.04,24,1,0.9
32,-0.442,7.04,24,1,0.8
32,-0.488,7.04,24,1,0.9
33,-0.487,7.04,24,1,0.9
33,-0.473,7.04,24,1,0.9
33,-0.436,7.04,24,1,0.8
33,-0.48,7.04,24,1,0.9
34,-0.481,7.04,24,1,0.9
34,-0.467,7.04,24,1,0.9
34,-0.431,7.04,24,1,0.8
34,-0.474,7.04,24,1,0.9
35,-0.474,7.04,24,1,0.9
35,-0.46,7.04,24,1,0.9
35,-0.426,7.04,24,1,0.8
35,-0.468,7.04,24,1,0.9
36,-0.468,7.04,24,1,0.9
36,-0.455,7.04,24,1,0.9
36,-0.421,7.04,24,1,0.8
36,-0.461,7.04,24,1,0.9
37,-0.462,7.04,24,1,0.9
37,-0.448,7.04,24,1,0.9
37,-0.416,7.04,24,1,0.8
37,-0.456,7.04,24,1,0.9
38,-0.456,7.04,24,1,0.9
38,-0.443,7.04,24,1,0.9
38,-0.412,7.04,24,1,0.8
38,-0.45,7.04,24,1,0.9
39,-0.45,7.04,24,1,0.9
39,-0.437,7.04,24,1,0.9
39,-0.407,7.04,24,1,0.8
39,-0.445,7.04,24,1,0.9
40,-0.445,7.04,24,1,0.9
40,-0.433,7.04,24,1,0.9
40,-0.403,7.04,24,1,0.8
40,-0.44,7.04,24,1,0.9
41,-0.439,7.04,24,1,0.9
41,-0.427,7.04,24,1,0.9
41,-0.399,7.04,24,1,0.8
41,-0.435,7.04,24,1,0.9
42,-0.434,7.04,24,1,0.9
42,-0.423,7.04,24,1,0.9
42,-0.395,7.04,24,1,0.8
42,-0.429,7.04,24,1,0.9
43,-0.43,7.04,24,1,0.9
43,-0.418,7.04,24,1,0.9
43,-0.392,7.04,24,1,0.8
43,-0.425,7.04,24,1,0.9
44,-0.424,7.04,24,1,0.9
44,-0.413,7.04,24,1,0.9
44,-0.388,7.04,24,1,0.8
44,-0.42,7.04,24,1,0.9
45,-0.419,7.04,24,1,0.9
45,-0.409,7.04,24,1,0.9
45,-0.385,7.04,24,1,0.8
45,-0.417,7.04,24,1,0.9
46,-0.414,7.04,24,1,0.9
46,-0.405,7.04,24,1,0.9
46,-0.381,7.04,24,1,0.8
46,-0.411,7.04,24,1,0.9
47,-0.41,7.04,24,1,0.9
47,-0.401,7.04,24,1,0.9
47,-0.378,7.04,24,1,0.8
47,-0.407,7.04,24,1,0.9
48,-0.406,7.04,24,1,0.9
48,-0.397,7.04,24,1,0.9
48,-0.375,7.04,24,1,0.8
48,-0.403,7.04,24,1,0.9
49,-0.402,7.04,24,1,0.9
49,-0.393,7.04,24,1,0.9
49,-0.372,7.04,24,1,0.8
49,-0.399,7.04,24,1,0.9
50,-0.398,7.04,24,1,0.9
50,-0.388,7.04,24,1,0.9
50,-0.369,7.04,24,1,0.8
50,-0.395,7.04,24,1,0.9
0,-6.90627,5.2,24,1,2.2
1,-4.90642,5.2,24,1,2.2
2,-3.90625,5.2,24,1,2.2
3,-3.28135,5.2,24,1,2.2
4,-2.96879,5.2,24,1,2.2
5,-2.59693,5.2,24,1,2.2
6,-2.39692,5.2,24,1,2.2
7,-2.24066,5.2,24,1,2.2
8,-2.10316,5.2,24,1,2.2
9,-1.99065,5.2,24,1,2.2
10,-1.89409,5.2,24,1,2.2
11,-1.80972,5.2,24,1,2.2
12,-1.73534,5.2,24,1,2.2
13,-1.67034,5.2,24,1,2.2
14,-1.61096,5.2,24,1,2.2
15,-1.55721,5.2,24,1,2.2
16,-1.50846,5.2,24,1,2.2
17,-1.46409,5.2,24,1,2.2
18,-1.42283,5.2,24,1,2.2
19,-1.38533,5.2,24,1,2.2
20,-1.35033,5.2,24,1,2.2
21,-1.31783,5.2,24,1,2.2
22,-1.28783,5.2,24,1,2.2
23,-1.25908,5.2,24,1,2.2
24,-1.23221,5.2,24,1,2.2
25,-1.20721,5.2,24,1,2.2
26,-1.18346,5.2,24,1,2.2
27,-1.16158,5.2,24,1,2.2
28,-1.14033,5.2,24,1,2.2
29,-1.12095,5.2,24,1,2.2
30,-1.10158,5.2,24,1,2.2
31,-1.08345,5.2,24,1,2.2
32,-1.06658,5.2,24,1,2.2
33,-1.05095,5.2,24,1,2.2
34,-1.0347,5.2,24,1,2.2
35,-1.0197,5.2,24,1,2.2
36,-1.00533,5.2,24,1,2.2
37,-0.991578,5.2,24,1,2.2
38,-0.978453,5.2,24,1,2.2
39,-0.965327,5.2,24,1,2.2
40,-0.953453,5.2,24,1,2.2
41,-0.941577,5.2,24,1,2.2
42,-0.930327,5.2,24,1,2.2
43,-0.919702,5.2,24,1,2.2
44,-0.909077,5.2,24,1,2.2
45,-0.899076,5.2,24,1,2.2
46,-0.889076,5.2,24,1,2.2
47,-0.879701,5.2,24,1,2.2
48,-0.870326,5.2,24,1,2.2
49,-0.861576,5.2,24,1,2.2
50,-0.852826,5.2,24,1,2.2
0,-6.90627,5.05,24,1,2.2
0,-7.16,5.05,24,1,2.5
0,-6.97,5.05,24,1,2.5
0,-6.97,5.05,24,1,2.5
1,-4.90642,5.05,24,1,2.2
1,-4.97,5.05,24,1,2.5
1,-4.91,5.05,24,1,2.5
1,-4.91,5.05,24,1,2.5
2,-3.90625,5.05,24,1,2.2
2,-3.97,5.05,24,1,2.5
2,-3.91,5.05,24,1,2.5
2,-3.91,5.05,24,1,2.5
3,-3.28135,5.05,24,1,2.2
3,-3.47,5.05,24,1,2.5
3,-3.41,5.05,24,1,2.5
3,-3.41,5.05,24,1,2.5
4,-2.96879,5.05,24,1,2.2
4,-2.97,5.05,24,1,2.5
4,-2.97,5.05,24,1,2.5
4,-2.97,5.05,24,1,2.5
5,-2.59693,5.05,24,1,2.2
5,-2.66,5.05,24,1,2.5
5,-2.62,5.05,24,1,2.5
5,-2.65,5.05,24,1,2.5
6,-2.39692,5.05,24,1,2.2
6,-2.45,5.05,24,1,2.5
6,-2.41,5.05,24,1,2.5
6,-2.45,5.05,24,1,2.5
7,-2.24066,5.05,24,1,2.2
7,-2.28,5.05,24,1,2.5
7,-2.25,5.05,24,1,2.5
7,-2.28,5.05,24,1,2.5
8,-2.10316,5.05,24,1,2.2
8,-2.14,5.05,24,1,2.5
8,-2.11,5.05,24,1,2.5
8,-2.15,5.05,24,1,2.5
9,-1.99065,5.05,24,1,2.2
9,-2.02,5.05,24,1,2.5
9,-2,5.05,24,1,2.5
9,-2.04,5.05,24,1,2.5
10,-1.89409,5.05,24,1,2.2
10,-1.92,5.05,24,1,2.5
10,-1.9,5.05,24,1,2.5
10,-1.94,5.05,24,1,2.5
11,-1.80972,5.05,24,1,2.2
11,-1.87,5.05,24,1,2.5
11,-1.81,5.05,24,1,2.5
11,-1.85,5.05,24,1,2.5
12,-1.73534,5.05,24,1,2.2
12,-1.77,5.05,24,1,2.5
12,-1.74,5.05,24,1,2.5
12,-1.77,5.05,24,1,2.5
13,-1.67034,5.05,24,1,2.2
13,-1.7,5.05,24,1,2.5
13,-1.67,5.05,24,1,2.5
13,-1.7,5.05,24,1,2.5
14,-1.61096,5.05,24,1,2.2
14,-1.64,5.05,24,1,2.5
14,-1.62,5.05,24,1,2.5
14,-1.64,5.05,24,1,2.5
15,-1.55721,5.05,24,1,2.2
15,-1.58,5.05,24,1,2.5
15,-1.56,5.05,24,1,2.5
15,-1.58,5.05,24,1,2.5
16,-1.50846,5.05,24,1,2.2
16,-1.53,5.05,24,1,2.5
16,-1.51,5.05,24,1,2.5
16,-1.53,5.05,24,1,2.5
17,-1.46409,5.05,24,1,2.2
17,-1.49,5.05,24,1,2.5
17,-1.47,5.05,24,1,2.5
17,-1.49,5.05,24,1,2.5
18,-1.42283,5.05,24,1,2.2
18,-1.45,5.05,24,1,2.5
18,-1.43,5.05,24,1,2.5
18,-1.44,5.05,24,1,2.5
19,-1.38533,5.05,24,1,2.2
19,-1.41,5.05,24,1,2.5
19,-1.39,5.05,24,1,2.5
19,-1.41,5.05,24,1,2.5
20,-1.35033,5.05,24,1,2.2
20,-1.37,5.05,24,1,2.5
20,-1.36,5.05,24,1,2.5
20,-1.37,5.05,24,1,2.5
21,-1.31783,5.05,24,1,2.2
21,-1.34,5.05,24,1,2.5
21,-1.32,5.05,24,1,2.5
21,-1.34,5.05,24,1,2.5
22,-1.28783,5.05,24,1,2.2
22,-1.31,5.05,24,1,2.5
22,-1.29,5.05,24,1,2.5
22,-1.31,5.05,24,1,2.5
23,-1.25908,5.05,24,1,2.2
23,-1.28,5.05,24,1,2.5
23,-1.26,5.05,24,1,2.5
23,-1.28,5.05,24,1,2.5
24,-1.23221,5.05,24,1,2.2
24,-1.25,5.05,24,1,2.5
24,-1.24,5.05,24,1,2.5
24,-1.25,5.05,24,1,2.5
25,-1.20721,5.05,24,1,2.2
25,-1.23,5.05,24,1,2.5
25,-1.21,5.05,24,1,2.5
25,-1.22,5.05,24,1,2.5
26,-1.18346,5.05,24,1,2.2
26,-1.2,5.05,24,1,2.5
26,-1.19,5.05,24,1,2.5
26,-1.2,5.05,24,1,2.5
27,-1.16158,5.05,24,1,2.2
27,-1.18,5.05,24,1,2.5
27,-1.17,5.05,24,1,2.5
27,-1.18,5.05,24,1,2.5
28,-1.14033,5.05,24,1,2.2
28,-1.16,5.05,24,1,2.5
28,-1.15,5.05,24,1,2.5
28,-1.15,5.05,24,1,2.5
29,-1.12095,5.05,24,1,2.2
29,-1.14,5.05,24,1,2.5
29,-1.13,5.05,24,1,2.5
29,-1.13,5.05,24,1,2.5
30,-1.10158,5.05,24,1,2.2
30,-1.12,5.05,24,1,2.5
30,-1.11,5.05,24,1,2.5
30,-1.11,5.05,24,1,2.5
31,-1.08345,5.05,24,1,2.2
31,-1.1,5.05,24,1,2.5
31,-1.09,5.05,24,1,2.5
31,-1.1,5.05,24,1,2.5
32,-1.06658,5.05,24,1,2.2
32,-1.08,5.05,24,1,2.5
32,-1.07,5.05,24,1,2.5
32,-1.08,5.05,24,1,2.5
33,-1.05095,5.05,24,1,2.2
33,-1.07,5.05,24,1,2.5
33,-1.06,5.05,24,1,2.5
33,-1.06,5.05,24,1,2.5
34,-1.0347,5.05,24,1,2.2
34,-1.05,5.05,24,1,2.5
34,-1.04,5.05,24,1,2.5
34,-1.05,5.05,24,1,2.5
35,-1.0197,5.05,24,1,2.2
35,-1.04,5.05,24,1,2.5
35,-1.03,5.05,24,1,2.5
35,-1.03,5.05,24,1,2.5
36,-1.00533,5.05,24,1,2.2
36,-1.02,5.05,24,1,2.5
36,-1.01,5.05,24,1,2.5
36,-1.02,5.05,24,1,2.5
37,-0.991578,5.05,24,1,2.2
37,-1.01,5.05,24,1,2.5
37,-0.998,5.05,24,1,2.5
37,-1,5.05,24,1,2.5
38,-0.978453,5.05,24,1,2.2
38,-0.994,5.05,24,1,2.5
38,-0.985,5.05,24,1,2.5
38,-0.989,5.05,24,1,2.5
39,-0.965327,5.05,24,1,2.2
39,-0.981,5.05,24,1,2.5
39,-0.973,5.05,24,1,2.5
39,-0.975,5.05,24,1,2.5
40,-0.953453,5.05,24,1,2.2
40,-0.969,5.05,24,1,2.5
40,-0.961,5.05,24,1,2.5
40,-0.964,5.05,24,1,2.5
41,-0.941577,5.05,24,1,2.2
41,-0.957,5.05,24,1,2.5
41,-0.949,5.05,24,1,2.5
41,-0.952,5.05,24,1,2.5
42,-0.930327,5.05,24,1,2.2
42,-0.945,5.05,24,1,2.5
42,-0.938,5.05,24,1,2.5
42,-0.94,5.05,24,1,2.5
43,-0.919702,5.05,24,1,2.2
43,-0.934,5.05,24,1,2.5
43,-0.927,5.05,24,1,2.5
43,-0.929,5.05,24,1,2.5
44,-0.909077,5.05,24,1,2.2
44,-0.924,5.05,24,1,2.5
44,-0.917,5.05,24,1,2.5
44,-0.917,5.05,24,1,2.5
45,-0.899076,5.05,24,1,2.2
45,-0.914,5.05,24,1,2.5
45,-0.906,5.05,24,1,2.5
45,-0.907,5.05,24,1,2.5
46,-0.889076,5.05,24,1,2.2
46,-0.904,5.05,24,1,2.5
46,-0.896,5.05,24,1,2.5
46,-0.897,5.05,24,1,2.5
47,-0.879701,5.05,24,1,2.2
47,-0.895,5.05,24,1,2.5
47,-0.887,5.05,24,1,2.5
47,-0.888,5.05,24,1,2.5
48,-0.870326,5.05,24,1,2.2
48,-0.885,5.05,24,1,2.5
48,-0.877,5.05,24,1,2.5
48,-0.879,5.05,24,1,2.5
49,-0.861576,5.05,24,1,2.2
49,-0.877,5.05,24,1,2.5
49,-0.869,5.05,24,1,2.5
49,-0.869,5.05,24,1,2.5
50,-0.852826,5.05,24,1,2.2
50,-0.869,5.05,24,1,2.5
50,-0.86,5.05,24,1,2.5
50,-0.86,5.05,24,1,2.5
0,-13.844,7.4,24,1,5.5
1,-9.90653,7.4,24,1,5.5
2,-7.9689,7.4,24,1,5.5
3,-6.96898,7.4,24,1,5.5
4,-6.21891,7.4,24,1,5.5
5,-5.59071,7.4,24,1,5.5
6,-5.1782,7.4,24,1,5.5
7,-4.8407,7.4,24,1,5.5
8,-4.56569,7.4,24,1,5.5
9,-4.32193,7.4,24,1,5.5
10,-4.12195,7.4,24,1,5.5
11,-3.94695,7.4,24,1,5.5
12,-3.78537,7.4,24,1,5.5
13,-3.64599,7.4,24,1,5.5
14,-3.52037,7.4,24,1,5.5
15,-3.40724,7.4,24,1,5.5
16,-3.30411,7.4,24,1,5.5
17,-3.20974,7.4,24,1,5.5
18,-3.12161,7.4,24,1,5.5
19,-3.04098,7.4,24,1,5.5
20,-2.96598,7.4,24,1,5.5
21,-2.89598,7.4,24,1,5.5
22,-2.83098,7.4,24,1,5.5
23,-2.76973,7.4,24,1,5.5
24,-2.7116,7.4,24,1,5.5
25,-2.65785,7.4,24,1,5.5
26,-2.6066,7.4,24,1,5.5
27,-2.55848,7.4,24,1,5.5
28,-2.51285,7.4,24,1,5.5
29,-2.4691,7.4,24,1,5.5
30,-2.42723,7.4,24,1,5.5
31,-2.38847,7.4,24,1,5.5
32,-2.35035,7.4,24,1,5.5
33,-2.31472,7.4,24,1,5.5
34,-2.28035,7.4,24,1,5.5
35,-2.24722,7.4,24,1,5.5
36,-2.21535,7.4,24,1,5.5
37,-2.18535,7.4,24,1,5.5
38,-2.15597,7.4,24,1,5.5
39,-2.12785,7.4,24,1,5.5
40,-2.10097,7.4,24,1,5.5
41,-2.07472,7.4,24,1,5.5
42,-2.04972,7.4,24,1,5.5
43,-2.02597,7.4,24,1,5.5
44,-2.00284,7.4,24,1,5.5
45,-1.97972,7.4,24,1,5.5
46,-1.95847,7.4,24,1,5.5
47,-1.93659,7.4,24,1,5.5
48,-1.91659,7.4,24,1,5.5
49,-1.89659,7.4,24,1,5.5
50,-1.87784,7.4,24,1,5.5
