Ti-200-24hre-1 (1st measurement),,Ti-200-24hre-2 (1st measurement),,Ti-200-24hre-2 (2nd measurement),,Ti-200-24hre-2 (3rd measurement),
s,V,s,V,s,V,s,V
0,-0.005953074,0,0.002109289,0,0.014953494,0,-0.00351584
1,-0.005953074,1,0.001359344,1,0.014390945,1,-0.003421783
2,-0.005953074,2,0.001078248,2,0.013922095,2,-0.003328085
3,-0.005953074,3,0.000327945,3,0.013359547,3,-0.003234386
4,-0.00604713,4,-4.68493E-05,4,0.012984395,4,-0.003234386
5,-0.00604713,5,-0.000234246,5,0.012609601,5,-0.003234386
6,-0.006140828,6,-0.000328302,6,0.012422204,6,-0.003234386
7,-0.006140828,7,-0.000609398,7,0.012140751,7,-0.003140688
8,-0.006140828,8,-0.001078248,8,0.011765957,8,-0.003140688
9,-0.006140828,9,-0.001359344,9,0.011578202,9,-0.003140688
10,-0.006140828,10,-0.001547098,10,0.011297107,10,-0.003046989
11,-0.006140828,11,-0.001640797,11,0.011109352,11,-0.002953291
12,-0.006140828,12,-0.001640797,12,0.011015654,12,-0.002859592
13,-0.006234527,13,-0.001734495,13,0.010828257,13,-0.002765536
14,-0.006234527,14,-0.001734495,14,0.01064086,14,-0.002671838
15,-0.006234527,15,-0.001828194,15,0.010453105,15,-0.002578139
16,-0.006234527,16,-0.001921892,16,0.010265708,16,-0.002390742
17,-0.006234527,17,-0.002109289,17,0.010078311,17,-0.002297044
18,-0.006234527,18,-0.002297044,18,0.009984612,18,-0.002203345
19,-0.006234527,19,-0.002390742,19,0.009796858,19,-0.002109289
20,-0.006234527,20,-0.002578139,20,0.009703159,20,-0.002015591
21,-0.006328225,21,-0.002671838,21,0.009609461,21,-0.001921892
22,-0.006328225,22,-0.002765536,22,0.009422064,22,-0.001921892
23,-0.006234527,23,-0.002859592,23,0.009234667,23,-0.001921892
24,-0.006328225,24,-0.002953291,24,0.009140611,24,-0.001828194
25,-0.006328225,25,-0.002953291,25,0.009046912,25,-0.001828194
26,-0.006328225,26,-0.003046989,26,0.008953214,26,-0.001734495
27,-0.006328225,27,-0.003046989,27,0.009140611,27,-0.001734495
28,-0.006328225,28,-0.003046989,28,0.008953214,28,-0.001734495
29,-0.006328225,29,-0.003140688,29,0.008859515,29,-0.001734495
30,-0.006328225,30,-0.003140688,30,0.008765817,30,-0.001734495
31,-0.006328225,31,-0.003140688,31,0.008672118,31,-0.001734495
32,-0.006328225,32,-0.003140688,32,0.008484364,32,-0.001640797
33,-0.006328225,33,-0.003140688,33,0.008484364,33,-0.001640797
34,-0.006421924,34,-0.003140688,34,0.008296967,34,-0.001640797
35,-0.006421924,35,-0.003140688,35,0.008203268,35,-0.001640797
36,-0.006421924,36,-0.003140688,36,0.00810957,36,-0.001640797
37,-0.006421924,37,-0.003140688,37,0.00810957,37,-0.001640797
38,-0.006421924,38,-0.003140688,38,0.008015871,38,-0.001640797
39,-0.006421924,39,-0.003234386,39,0.007921815,39,-0.001640797
40,-0.006421924,40,-0.003234386,40,0.007828116,40,-0.001640797
41,-0.006421924,41,-0.003234386,41,0.007734418,41,-0.001640797
42,-0.006421924,42,-0.003234386,42,0.007734418,42,-0.001640797
43,-0.006421924,43,-0.003234386,43,0.007640719,43,-0.001640797
44,-0.006421924,44,-0.003234386,44,0.007640719,44,-0.001547098
45,-0.006421924,45,-0.003234386,45,0.007547021,45,-0.001547098
46,-0.006421924,46,-0.003234386,46,0.007453322,46,-0.001547098
47,-0.006421924,47,-0.003234386,47,0.007453322,47,-0.001547098
48,-0.006515622,48,-0.003234386,48,0.007359624,48,-0.001547098
49,-0.006515622,49,-0.003234386,49,0.007359624,49,-0.001547098
50,-0.006515622,50,-0.003234386,50,0.007265568,50,-0.001453042
51,-0.128580093,51,-0.135517716,51,-0.115642369,51,-0.001453042
52,-0.129798889,52,-0.135517716,52,-0.115642369,52,-0.111236036
53,-0.130923986,53,-0.135705292,53,-0.115642369,53,-0.11048609
54,-0.132048905,54,-0.135705292,54,-0.11554867,54,-0.109642267
55,-0.132611454,55,-0.135611415,55,-0.115173697,55,-0.108892322
56,-0.133455276,56,-0.135517716,56,-0.114611149,56,-0.108236074
57,-0.133736372,57,-0.135330141,57,-0.114329875,57,-0.107673526
58,-0.134205222,58,-0.135236442,58,-0.114142478,58,-0.106829703
59,-0.134673893,59,-0.135236442,59,-0.1140486,59,-0.106548607
60,-0.135049045,60,-0.135142744,60,-0.113954902,60,-0.105798483
61,-0.135142744,61,-0.135142744,61,-0.114329875,61,-0.105235934
62,-0.135236442,62,-0.134955168,62,-0.113954902,62,-0.105048537
63,-0.135330141,63,-0.134767771,63,-0.113204956,63,-0.104485989
64,-0.135517716,64,-0.134392619,64,-0.112736106,64,-0.103829741
65,-0.135611415,65,-0.134017646,65,-0.112642407,65,-0.103642166
66,-0.135611415,66,-0.133830249,66,-0.112642407,66,-0.10336107
67,-0.135705292,67,-0.133736372,67,-0.112267435,67,-0.102798522
68,-0.135798991,68,-0.133642673,68,-0.111704886,68,-0.102329671
69,-0.135798991,69,-0.133548975,69,-0.111329913,69,-0.102142274
70,-0.135798991,70,-0.133267701,70,-0.111236036,70,-0.102048397
71,-0.135798991,71,-0.132986426,71,-0.111142337,71,-0.101579726
72,-0.135705292,72,-0.132611454,72,-0.111142337,72,-0.101110876
73,-0.135705292,73,-0.132330179,73,-0.110861063,73,-0.100735903
74,-0.135611415,74,-0.132236481,74,-0.110392392,74,-0.100642204
75,-0.135517716,75,-0.132142603,75,-0.110017419,75,-0.100642204
76,-0.135517716,76,-0.132048905,76,-0.109829843,76,-0.10036093
77,-0.135424018,77,-0.131861508,77,-0.109736145,77,-0.099985957
78,-0.135330141,78,-0.131580234,78,-0.109642267,78,-0.099610984
79,-0.135330141,79,-0.131205082,79,-0.109642267,79,-0.099235833
80,-0.135236442,80,-0.130923986,80,-0.10945487,80,-0.099142134
81,-0.135236442,81,-0.130736411,81,-0.109173596,81,-0.099048436
82,-0.135142744,82,-0.130736411,82,-0.108798623,82,-0.098767161
83,-0.135142744,83,-0.130642712,83,-0.108517349,83,-0.098485887
84,-0.135049045,84,-0.130548835,84,-0.108329773,84,-0.098204613
85,-0.134955168,85,-0.130361438,85,-0.108236074,85,-0.097923338
86,-0.134861469,86,-0.129986465,86,-0.108142376,86,-0.097735941
87,-0.134767771,87,-0.129611313,87,-0.108142376,87,-0.097642064
88,-0.134580195,88,-0.129423916,88,-0.108048499,88,-0.097642064
89,-0.134392619,89,-0.129236341,89,-0.107861102,89,-0.097454667
90,-0.134205222,90,-0.129236341,90,-0.107579827,90,-0.097267091
91,-0.134111524,91,-0.129142642,91,-0.107298553,91,-0.097079694
92,-0.133923948,92,-0.129048944,92,-0.107017279,92,-0.09679842
93,-0.133830249,93,-0.128861368,93,-0.106829703,93,-0.096610844
94,-0.133736372,94,-0.128486395,94,-0.106736004,94,-0.09632957
95,-0.133736372,95,-0.128205121,95,-0.106736004,95,-0.096235871
96,-0.133642673,96,-0.127923846,96,-0.106642306,96,-0.096235871
97,-0.133548975,97,-0.12773627,97,-0.106642306,97,-0.096142173
98,-0.133455276,98,-0.12773627,98,-0.106548607,98,-0.096048295
99,-0.133361399,99,-0.127642572,99,-0.10645473,99,-0.095954597
100,-0.133267701,100,-0.127642572,100,-0.106267333,100,-0.0957672
101,-0.001828194,101,0.005484581,101,0.016171932,101,0.017672181
102,-0.001547098,102,0.005671978,102,0.016265988,102,0.017953277
103,-0.001078248,103,0.005859375,103,0.016359687,103,0.017953277
104,-0.000609398,104,0.005953074,104,0.016265988,104,0.017859578
105,-0.000328302,105,0.006328225,105,0.016359687,105,0.01776588
106,-0.000234246,106,0.006609321,106,0.016265988,106,0.017390728
107,-0.000140548,107,0.006890774,107,0.016265988,107,0.016828179
108,-4.68493E-05,108,0.007078171,108,0.016171932,108,0.016453385
109,0.000140548,109,0.007171869,109,0.016078234,109,0.016359687
110,0.000234246,110,0.007265568,110,0.015797138,110,0.016265988
111,0.000327945,111,0.007265568,111,0.015515685,111,0.015984535
112,0.000515699,112,0.007265568,112,0.015328288,112,0.01570344
113,0.000609398,113,0.007265568,113,0.015140891,113,0.015421987
114,0.000703096,114,0.007359624,114,0.014953494,114,0.015140891
115,0.000703096,115,0.007265568,115,0.014859438,115,0.014859438
116,0.000796795,116,0.007359624,116,0.014859438,116,0.014859438
117,0.000890493,117,0.007359624,117,0.014765739,117,0.014765739
118,0.000984192,118,0.007359624,118,0.014672041,118,0.014578342
119,0.000984192,119,0.007359624,119,0.014578342,119,0.014296889
120,0.001078248,120,0.007359624,120,0.014390945,120,0.013922095
121,0.001078248,121,0.007359624,121,0.014203191,121,0.013640642
122,0.001078248,122,0.007359624,122,0.014015794,122,0.013453245
123,0.001171947,123,0.007359624,123,0.013828397,123,0.013359547
124,0.001171947,124,0.007359624,124,0.013640642,124,0.013265848
125,0.001171947,125,0.007359624,125,0.013546944,125,0.01317215
126,0.001171947,126,0.007359624,126,0.013453245,126,0.012890697
127,0.001171947,127,0.007359624,127,0.013359547,127,0.012609601
128,0.001265645,128,0.007265568,128,0.013359547,128,0.012234449
129,0.001265645,129,0.007265568,129,0.013265848,129,0.012047052
130,0.001265645,130,0.007265568,130,0.013265848,130,0.011859655
131,0.001265645,131,0.007265568,131,0.01317215,131,0.011859655
132,0.001265645,132,0.007265568,132,0.013078451,132,0.011765957
133,0.001265645,133,0.007265568,133,0.012984395,133,0.011765957
134,0.001265645,134,0.007265568,134,0.012796998,134,0.011671901
135,0.001265645,135,0.007265568,135,0.012609601,135,0.011484504
136,0.001265645,136,0.007265568,136,0.012422204,136,0.011203408
137,0.001265645,137,0.007265568,137,0.012234449,137,0.011015654
138,0.001359344,138,0.007265568,138,0.012140751,138,0.010734558
139,0.001359344,139,0.007265568,139,0.012047052,139,0.010547161
140,0.001359344,140,0.007265568,140,0.011953354,140,0.010453105
141,0.001359344,141,0.007265568,141,0.011859655,141,0.010359406
142,0.001359344,142,0.007171869,142,0.011859655,142,0.010359406
143,0.001359344,143,0.007171869,143,0.011859655,143,0.010359406
144,0.001359344,144,0.007171869,144,0.011765957,144,0.010265708
145,0.001359344,145,0.007171869,145,0.011765957,145,0.010265708
146,0.001359344,146,0.007171869,146,0.011765957,146,0.010172009
147,0.001359344,147,0.007171869,147,0.011671901,147,0.010078311
148,0.001359344,148,0.007078171,148,0.011578202,148,0.009984612
149,0.001359344,149,0.007078171,149,0.011484504,149,0.009796858
150,0.001359344,150,0.007078171,150,0.011390805,150,0.009703159
151,0.165143251,151,0.16683054,151,0.163080454,151,0.009609461
152,0.165143251,152,0.167580485,152,0.163455606,152,0.164580703
153,0.16523695,153,0.167861938,153,0.163924456,153,0.164580703
154,0.165424347,154,0.168143034,154,0.16429925,154,0.164580703
155,0.165518045,155,0.168611884,155,0.1647681,155,0.164580703
156,0.165611744,156,0.168987036,156,0.164861798,156,0.164487004
157,0.1657058,157,0.169174433,157,0.164955497,157,0.164392948
158,0.165799499,158,0.169174433,158,0.165143251,158,0.16429925
159,0.165893197,159,0.169268131,159,0.16523695,159,0.164205551
160,0.165893197,160,0.169268131,160,0.16523695,160,0.164111853
161,0.165893197,161,0.169268131,161,0.165330648,161,0.163924456
162,0.165986896,162,0.16936183,162,0.16523695,162,0.163736701
163,0.165986896,163,0.16936183,163,0.165330648,163,0.163549304
164,0.165893197,164,0.16936183,164,0.16523695,164,0.163361907
165,0.165893197,165,0.16936183,165,0.16523695,165,0.16317451
166,0.165986896,166,0.16936183,166,0.165143251,166,0.162986755
167,0.165893197,167,0.16936183,167,0.165143251,167,0.162893057
168,0.165893197,168,0.16936183,168,0.165049195,168,0.16270566
169,0.165893197,169,0.16936183,169,0.164955497,169,0.162611961
170,0.165893197,170,0.16936183,170,0.164861798,170,0.162424207
171,0.165799499,171,0.16936183,171,0.1647681,171,0.16223681
172,0.165799499,172,0.169268131,172,0.1647681,172,0.162049413
173,0.165799499,173,0.169268131,173,0.164674401,173,0.161861658
174,0.1657058,174,0.169268131,174,0.164580703,174,0.16176796
175,0.1657058,175,0.169268131,175,0.164487004,175,0.161580563
176,0.1657058,176,0.169268131,176,0.16429925,176,0.161393166
177,0.165611744,177,0.169268131,177,0.164205551,177,0.161299467
178,0.165611744,178,0.169268131,178,0.164111853,178,0.161111712
179,0.165518045,179,0.169174433,179,0.164018154,179,0.161018014
180,0.165518045,180,0.169174433,180,0.163924456,180,0.160924315
181,0.165424347,181,0.169174433,181,0.163830757,181,0.160830617
182,0.165424347,182,0.169080734,182,0.163736701,182,0.16064322
183,0.165330648,183,0.169080734,183,0.163643003,183,0.160549164
184,0.165330648,184,0.168987036,184,0.163549304,184,0.160455465
185,0.16523695,185,0.168987036,185,0.163455606,185,0.160361767
186,0.16523695,186,0.168893337,186,0.163361907,186,0.16017437
187,0.16523695,187,0.168893337,187,0.163361907,187,0.160080671
188,0.165143251,188,0.168799281,188,0.163268209,188,0.159986973
189,0.165143251,189,0.168705583,189,0.163080454,189,0.159892917
190,0.165049195,190,0.168611884,190,0.163080454,190,0.159799218
191,0.165049195,191,0.168518186,191,0.162986755,191,0.15970552
192,0.165049195,192,0.168518186,192,0.162893057,192,0.159611821
193,0.164955497,193,0.168424487,193,0.162893057,193,0.159611821
194,0.164955497,194,0.168330789,194,0.162893057,194,0.159518123
195,0.164955497,195,0.16823709,195,0.16270566,195,0.159424424
196,0.164955497,196,0.16823709,196,0.16270566,196,0.159330368
197,0.164861798,197,0.168143034,197,0.162611961,197,0.15923667
198,0.164861798,198,0.168049335,198,0.162518263,198,0.15923667
199,0.164861798,199,0.168049335,199,0.162518263,199,0.159142971
200,0.164861798,200,0.167955637,200,0.162424207,200,0.159049273
201,-0.003046989,201,0.006046772,201,0.011859655,201,0.008203268
202,-0.003140688,202,0.005859375,202,0.011671901,202,0.007640719
203,-0.003140688,203,0.005765676,203,0.010734558,203,0.007265568
204,-0.003234386,204,0.005578279,204,0.010359406,204,0.007171869
205,-0.003234386,205,0.005296826,205,0.010172009,205,0.006984472
206,-0.003234386,206,0.004922032,206,0.009796858,206,0.006797075
207,-0.003328085,207,0.004734278,207,0.009328365,207,0.006797075
208,-0.003328085,208,0.004546881,208,0.009046912,208,0.006703377
209,-0.003328085,209,0.004453182,209,0.008859515,209,0.006703377
210,-0.003421783,210,0.004453182,210,0.008859515,210,0.006609321
211,-0.003421783,211,0.004359484,211,0.008765817,211,0.006515622
212,-0.003421783,212,0.004359484,212,0.008765817,212,0.006421924
213,-0.003421783,213,0.004359484,213,0.008578062,213,0.006421924
214,-0.00351584,214,0.004359484,214,0.008484364,214,0.006328225
215,-0.00351584,215,0.004265785,215,0.008390665,215,0.006328225
216,-0.003609538,216,0.004265785,216,0.008203268,216,0.006234527
217,-0.003609538,217,0.004265785,217,0.008015871,217,0.006234527
218,-0.003609538,218,0.004265785,218,0.007828116,218,0.006234527
219,-0.003609538,219,0.004265785,219,0.007828116,219,0.006140828
220,-0.003703237,220,0.004172087,220,0.007734418,220,0.006140828
221,-0.003703237,221,0.004172087,221,0.007640719,221,0.006140828
222,-0.003703237,222,0.004172087,222,0.007547021,222,0.006140828
223,-0.003703237,223,0.004172087,223,0.007547021,223,0.006140828
224,-0.003796935,224,0.004172087,224,0.007453322,224,0.006140828
225,-0.003796935,225,0.004078031,225,0.007453322,225,0.006140828
226,-0.003796935,226,0.004078031,226,0.007453322,226,0.006046772
227,-0.003796935,227,0.004078031,227,0.007359624,227,0.006046772
228,-0.003796935,228,0.004078031,228,0.007359624,228,0.006046772
229,-0.003796935,229,0.004078031,229,0.007359624,229,0.006046772
230,-0.003796935,230,0.003984332,230,0.007359624,230,0.006046772
231,-0.003796935,231,0.003984332,231,0.007359624,231,0.005953074
232,-0.003796935,232,0.003984332,232,0.007359624,232,0.005953074
233,-0.003796935,233,0.003984332,233,0.007359624,233,0.005953074
234,-0.003703237,234,0.003984332,234,0.007265568,234,0.005953074
235,-0.003703237,235,0.003984332,235,0.007265568,235,0.005859375
236,-0.003703237,236,0.003984332,236,0.007265568,236,0.005859375
237,-0.003703237,237,0.003984332,237,0.007265568,237,0.005859375
238,-0.003703237,238,0.003984332,238,0.007171869,238,0.005859375
239,-0.003703237,239,0.003890634,239,0.007171869,239,0.005859375
240,-0.003703237,240,0.003890634,240,0.007171869,240,0.005859375
241,-0.003703237,241,0.003796935,241,0.007171869,241,0.005859375
242,-0.003703237,242,0.003890634,242,0.007078171,242,0.005765676
243,-0.003609538,243,0.003796935,243,0.007078171,243,0.005765676
244,-0.003609538,244,0.003796935,244,0.007078171,244,0.005765676
245,-0.003609538,245,0.003796935,245,0.007078171,245,0.005765676
246,-0.003609538,246,0.003890634,246,0.006984472,246,0.005765676
247,-0.003609538,247,0.003890634,247,0.006984472,247,0.005765676
248,-0.003609538,248,0.003796935,248,0.006984472,248,0.005765676
249,-0.00351584,249,0.003890634,249,0.006890774,249,0.005671978
250,-0.00351584,250,0.003796935,250,0.006890774,250,0.005671978
251,-0.129517615,251,-0.127923846,251,-0.113861203,251,-0.105329812
252,-0.129517615,252,-0.127923846,252,-0.113673627,252,-0.104860961
253,-0.129423916,253,-0.127923846,253,-0.11301738,253,-0.103829741
254,-0.129423916,254,-0.127830148,254,-0.112642407,254,-0.10336107
255,-0.129423916,255,-0.12773627,255,-0.112361133,255,-0.102329671
256,-0.129423916,256,-0.12773627,256,-0.111704886,256,-0.102048397
257,-0.129330218,257,-0.127642572,257,-0.111236036,257,-0.101204753
258,-0.129423916,258,-0.127548873,258,-0.111048639,258,-0.100735903
259,-0.129423916,259,-0.127361298,259,-0.110673666,259,-0.100454628
260,-0.129423916,260,-0.126986325,260,-0.110111117,260,-0.099798381
261,-0.129423916,261,-0.126611352,261,-0.109736145,261,-0.09932971
262,-0.129423916,262,-0.126330078,262,-0.109548569,262,-0.099048436
263,-0.129423916,263,-0.126236379,263,-0.109267294,263,-0.098579586
264,-0.129423916,264,-0.126142502,264,-0.108798623,264,-0.098017216
265,-0.129423916,265,-0.126048803,265,-0.108423471,265,-0.097735941
266,-0.129423916,266,-0.125673831,266,-0.108236074,266,-0.097548366
267,-0.129330218,267,-0.125298858,267,-0.108048499,267,-0.097173393
268,-0.129423916,268,-0.124923885,268,-0.107767224,268,-0.09679842
269,-0.129423916,269,-0.124736309,269,-0.107298553,269,-0.096423447
270,-0.129423916,270,-0.124642611,270,-0.107017279,270,-0.096142173
271,-0.129423916,271,-0.124642611,271,-0.106736004,271,-0.096048295
272,-0.129423916,272,-0.124455035,272,-0.106642306,272,-0.0957672
273,-0.129423916,273,-0.12417376,273,-0.10645473,273,-0.095392048
274,-0.129423916,274,-0.123798788,274,-0.106267333,274,-0.094923377
275,-0.129517615,275,-0.123423815,275,-0.106079757,275,-0.094735801
276,-0.129517615,276,-0.123236239,276,-0.105704784,276,-0.094642103
277,-0.129517615,277,-0.12314254,277,-0.10542351,277,-0.094548404
278,-0.129517615,278,-0.12314254,278,-0.105235934,278,-0.09426713
279,-0.129611313,279,-0.122954965,279,-0.105142236,279,-0.093892157
280,-0.129611313,280,-0.12267369,280,-0.105048537,280,-0.093517005
281,-0.129611313,281,-0.122298717,281,-0.104767263,281,-0.093329608
282,-0.129705191,282,-0.122017443,282,-0.104579687,282,-0.09323591
283,-0.129705191,283,-0.121830046,283,-0.104298413,283,-0.093142033
284,-0.129798889,284,-0.121736348,284,-0.104017317,284,-0.093048334
285,-0.129798889,285,-0.12164247,285,-0.103829741,285,-0.092860758
286,-0.129892588,286,-0.121548772,286,-0.103736043,286,-0.092673361
287,-0.129986465,287,-0.121361196,287,-0.103642166,287,-0.092392087
288,-0.129986465,288,-0.120986223,288,-0.103548467,288,-0.092110813
289,-0.130080163,289,-0.120704949,289,-0.103454769,289,-0.091923237
290,-0.130080163,290,-0.120423675,290,-0.103267193,290,-0.091829538
291,-0.130173862,291,-0.120329976,291,-0.103079796,291,-0.09173584
292,-0.13026756,292,-0.120236278,292,-0.10289222,292,-0.091642141
293,-0.13026756,293,-0.1201424,293,-0.102704644,293,-0.091642141
294,-0.130361438,294,-0.120048702,294,-0.102517247,294,-0.091548264
295,-0.130361438,295,-0.119955003,295,-0.102329671,295,-0.091454566
296,-0.130455136,296,-0.119673729,296,-0.102235973,296,-0.091360867
297,-0.130455136,297,-0.119298756,297,-0.102235973,297,-0.091173291
298,-0.130455136,298,-0.119017482,298,-0.102142274,298,-0.090985715
299,-0.130548835,299,-0.118829906,299,-0.102048397,299,-0.090798318
300,-0.130548835,300,-0.118736207,300,-0.101861,300,-0.09070462
301,-0.00351584,301,0.014953494,301,0.015328288,301,0.021422267
302,-0.003328085,302,0.014859438,302,0.015421987,302,0.021609664
303,-0.003234386,303,0.014859438,303,0.015515685,303,0.021703362
304,-0.003140688,304,0.014765739,304,0.015421987,304,0.021515965
305,-0.003046989,305,0.014765739,305,0.015421987,305,0.021047115
306,-0.002953291,306,0.014765739,306,0.015328288,306,0.020109773
307,-0.002859592,307,0.014672041,307,0.01523459,307,0.020578265
308,-0.002765536,308,0.014578342,308,0.015140891,308,0.020203471
309,-0.002671838,309,0.014484644,309,0.015047193,309,0.019640923
310,-0.002578139,310,0.014296889,310,0.014953494,310,0.019359469
311,-0.002484441,311,0.014203191,311,0.014859438,311,0.019265771
312,-0.002390742,312,0.014015794,312,0.014765739,312,0.018890977
313,-0.002390742,313,0.013922095,313,0.014765739,313,0.018515825
314,-0.002297044,314,0.013734698,314,0.014672041,314,0.018046975
315,-0.002297044,315,0.013640642,315,0.014484644,315,0.017859578
316,-0.002203345,316,0.013546944,316,0.014390945,316,0.017672181
317,-0.002203345,317,0.013453245,317,0.014203191,317,0.017297029
318,-0.002203345,318,0.013453245,318,0.014109492,318,0.017109632
319,-0.002109289,319,0.013359547,319,0.013922095,319,0.016734481
320,-0.002109289,320,0.013359547,320,0.013828397,320,0.016453385
321,-0.002109289,321,0.013359547,321,0.013640642,321,0.016265988
322,-0.002109289,322,0.013265848,322,0.013546944,322,0.016078234
323,-0.002109289,323,0.013265848,323,0.013453245,323,0.015890837
324,-0.002109289,324,0.013265848,324,0.013359547,324,0.015609741
325,-0.002109289,325,0.01317215,325,0.013265848,325,0.015328288
326,-0.002109289,326,0.01317215,326,0.013265848,326,0.015140891
327,-0.002109289,327,0.013078451,327,0.01317215,327,0.014953494
328,-0.002109289,328,0.012984395,328,0.013078451,328,0.014859438
329,-0.002109289,329,0.012890697,329,0.012890697,329,0.014765739
330,-0.002109289,330,0.012796998,330,0.0127033,330,0.014578342
331,-0.002109289,331,0.0127033,331,0.012609601,331,0.014390945
332,-0.002109289,332,0.012515903,332,0.012515903,332,0.014109492
333,-0.002109289,333,0.012422204,333,0.012328148,333,0.014015794
334,-0.002109289,334,0.012328148,334,0.012234449,334,0.013828397
335,-0.002109289,335,0.012234449,335,0.012140751,335,0.013640642
336,-0.002109289,336,0.012140751,336,0.012047052,336,0.013546944
337,-0.002109289,337,0.012047052,337,0.011953354,337,0.013359547
338,-0.002203345,338,0.012047052,338,0.011859655,338,0.012515903
339,-0.002203345,339,0.011953354,339,0.011765957,339,0.013078451
340,-0.002203345,340,0.011953354,340,0.011765957,340,0.013078451
341,-0.002203345,341,0.011859655,341,0.011671901,341,0.012890697
342,-0.002203345,342,0.011859655,342,0.011578202,342,0.012609601
343,-0.002203345,343,0.011859655,343,0.011484504,343,0.012515903
344,-0.002203345,344,0.011859655,344,0.011390805,344,0.012422204
345,-0.002203345,345,0.011859655,345,0.011297107,345,0.012234449
346,-0.002203345,346,0.011765957,346,0.011203408,346,0.012047052
347,-0.002203345,347,0.011765957,347,0.011109352,347,0.011953354
348,-0.002297044,348,0.011765957,348,0.011015654,348,0.011859655
349,-0.002297044,349,0.011765957,349,0.010828257,349,0.011859655
350,-0.002297044,350,0.011765957,350,0.010734558,350,0.011765957
351,0.155768037,351,0.173955917,351,0.162518263,351,0.163549304
352,0.155861735,352,0.173861861,352,0.162143111,352,0.163361907
353,0.156142831,353,0.173861861,353,0.162611961,353,0.163268209
354,0.156611681,354,0.173861861,354,0.163080454,354,0.162986755
355,0.156986833,355,0.173861861,355,0.16317451,355,0.162424207
356,0.15717423,356,0.173861861,356,0.16317451,356,0.161955714
357,0.157267928,357,0.173768163,357,0.163361907,357,0.16176796
358,0.157361627,358,0.173768163,358,0.163268209,358,0.161299467
359,0.157455683,359,0.173674464,359,0.16317451,359,0.160736918
360,0.157549381,360,0.173674464,360,0.163080454,360,0.160361767
361,0.15764308,361,0.173580766,361,0.162986755,361,0.159986973
362,0.157736778,362,0.173487067,362,0.162893057,362,0.159518123
363,0.157830477,363,0.173393369,363,0.162893057,363,0.159049273
364,0.157924175,364,0.17329967,364,0.162799358,364,0.158768177
365,0.157924175,365,0.173205614,365,0.162611961,365,0.158580422
366,0.158017874,366,0.173018217,366,0.162518263,366,0.158205628
367,0.158017874,367,0.172924519,367,0.162424207,367,0.157830477
368,0.158017874,368,0.172737122,368,0.162518263,368,0.157455683
369,0.157924175,369,0.172643065,369,0.16270566,369,0.157267928
370,0.157924175,370,0.172549367,370,0.162424207,370,0.15717423
371,0.157736778,371,0.172455668,371,0.162330508,371,0.156893134
372,0.157736778,372,0.172455668,372,0.162424207,372,0.156705379
373,0.15764308,373,0.17236197,373,0.162518263,373,0.156424284
374,0.157549381,374,0.17236197,374,0.162518263,374,0.156142831
375,0.157549381,375,0.17236197,375,0.162518263,375,0.155955434
376,0.157455683,376,0.172268271,376,0.162424207,376,0.155861735
377,0.157361627,377,0.172268271,377,0.162424207,377,0.155768037
378,0.157361627,378,0.172268271,378,0.162330508,378,0.155674338
379,0.157267928,379,0.172174573,379,0.162330508,379,0.15558064
380,0.157267928,380,0.172174573,380,0.162330508,380,0.155392885
381,0.157267928,381,0.172080874,381,0.162330508,381,0.155205488
382,0.15717423,382,0.171986818,382,0.16223681,382,0.155018091
383,0.15717423,383,0.17189312,383,0.16223681,383,0.154830337
384,0.15717423,384,0.171799421,384,0.162049413,384,0.15464294
385,0.15717423,385,0.171612024,385,0.161955714,385,0.154549241
386,0.15717423,386,0.171518326,386,0.161861658,386,0.154455543
387,0.15717423,387,0.171330571,387,0.16176796,387,0.154361844
388,0.15717423,388,0.171236873,388,0.161674261,388,0.154267788
389,0.157080531,389,0.171143174,389,0.161674261,389,0.154174089
390,0.156986833,390,0.171049476,390,0.161674261,390,0.153986692
391,0.156986833,391,0.171049476,391,0.161580563,391,0.153892994
392,0.156893134,392,0.170955777,392,0.161580563,392,0.153705597
393,0.156893134,393,0.170955777,393,0.161674261,393,0.153517842
394,0.156799078,394,0.170862079,394,0.161674261,394,0.153330445
395,0.156799078,395,0.170862079,395,0.161674261,395,0.153143048
396,0.156705379,396,0.170862079,396,0.161580563,396,0.15304935
397,0.156705379,397,0.17076838,397,0.161580563,397,0.152861595
398,0.156611681,398,0.17076838,398,0.161486864,398,0.152861595
399,0.156611681,399,0.17076838,399,0.161486864,399,0.152767897
400,0.156517982,400,0.170674324,400,0.161486864,400,0.152674198
401,0.002671838,401,0.007359624,401,0.011859655,401,0.152486801
402,0.002390742,402,0.007359624,402,0.011765957,402,0.005296826
403,0.001640797,403,0.007265568,403,0.011203408,403,0.005109429
404,0.001359344,404,0.007171869,404,0.01064086,404,0.004922032
405,0.000984192,405,0.007078171,405,0.010359406,405,0.004734278
406,0.000422001,406,0.006890774,406,0.010359406,406,0.004640579
407,-4.68493E-05,407,0.006797075,407,0.010265708,407,0.004546881
408,-0.000234246,408,0.006609321,408,0.010078311,408,0.004453182
409,-0.000328302,409,0.006421924,409,0.009890914,409,0.004453182
410,-0.000609398,410,0.006328225,410,0.009703159,410,0.004453182
411,-0.000890493,411,0.006234527,411,0.009515762,411,0.004359484
412,-0.001078248,412,0.006140828,412,0.009422064,412,0.004359484
413,-0.001171947,413,0.006046772,413,0.009234667,413,0.004265785
414,-0.001359344,414,0.006046772,414,0.009140611,414,0.004265785
415,-0.001547098,415,0.005953074,415,0.009046912,415,0.004265785
416,-0.001547098,416,0.005953074,416,0.008953214,416,0.004172087
417,-0.001640797,417,0.005953074,417,0.008859515,417,0.004172087
418,-0.001734495,418,0.005953074,418,0.008859515,418,0.004172087
419,-0.001734495,419,0.005859375,419,0.008859515,419,0.004078031
420,-0.001828194,420,0.005859375,420,0.008859515,420,0.004078031
421,-0.001828194,421,0.005859375,421,0.008765817,421,0.004078031
422,-0.001828194,422,0.005859375,422,0.008765817,422,0.004078031
423,-0.001828194,423,0.005859375,423,0.008765817,423,0.004078031
424,-0.001921892,424,0.005859375,424,0.008765817,424,0.003984332
425,-0.001921892,425,0.005859375,425,0.008765817,425,0.003984332
426,-0.001921892,426,0.005859375,426,0.008672118,426,0.003984332
427,-0.001921892,427,0.005859375,427,0.008672118,427,0.003984332
428,-0.001921892,428,0.005859375,428,0.008578062,428,0.003984332
429,-0.001921892,429,0.005859375,429,0.008578062,429,0.003984332
430,-0.002015591,430,0.005859375,430,0.008484364,430,0.003984332
431,-0.002015591,431,0.005859375,431,0.008390665,431,0.003890634
432,-0.002015591,432,0.005859375,432,0.008390665,432,0.003796935
433,-0.002015591,433,0.005859375,433,0.008296967,433,0.003890634
434,-0.002015591,434,0.005859375,434,0.008296967,434,0.003796935
435,-0.002015591,435,0.005859375,435,0.008203268,435,0.003796935
436,-0.001921892,436,0.005859375,436,0.00810957,436,0.003703237
437,-0.001921892,437,0.005859375,437,0.008015871,437,0.003703237
438,-0.001828194,438,0.005859375,438,0.008015871,438,0.003609538
439,-0.001828194,439,0.005859375,439,0.007921815,439,0.003609538
440,-0.001828194,440,0.005859375,440,0.007921815,440,0.003609538
441,-0.001828194,441,0.005859375,441,0.007921815,441,0.003609538
442,-0.001828194,442,0.005859375,442,0.007828116,442,0.003609538
443,-0.001828194,443,0.005859375,443,0.007828116,443,0.003515482
444,-0.001921892,444,0.005859375,444,0.007734418,444,0.003515482
445,-0.001921892,445,0.005859375,445,0.007734418,445,0.003515482
446,-0.001921892,446,0.005859375,446,0.007640719,446,0.003515482
447,-0.001921892,447,0.005859375,447,0.007640719,447,0.003421783
448,-0.001921892,448,0.005765676,448,0.007547021,448,0.003421783
449,-0.001921892,449,0.005765676,449,0.007547021,449,0.003421783
450,-0.001921892,450,0.005765676,450,0.007547021,450,0.003421783
451,-0.125298858,451,-0.124830008,451,-0.111611187,451,-0.108798623
452,-0.126142502,452,-0.124736309,452,-0.111142337,452,-0.108048499
453,-0.126423776,453,-0.124642611,453,-0.110298514,453,-0.107110977
454,-0.126611352,454,-0.124642611,454,-0.110204816,454,-0.10645473
455,-0.126798928,455,-0.124455035,455,-0.109548569,455,-0.105704784
456,-0.126798928,456,-0.124080062,456,-0.10898602,456,-0.105142236
457,-0.126798928,457,-0.123611212,457,-0.108611047,457,-0.104485989
458,-0.126611352,458,-0.123330116,458,-0.108236074,458,-0.103829741
459,-0.126517653,459,-0.123236239,459,-0.108236074,459,-0.103454769
460,-0.126330078,460,-0.12314254,460,-0.107767224,460,-0.10289222
461,-0.126236379,461,-0.122954965,461,-0.107767224,461,-0.102329671
462,-0.126142502,462,-0.122579992,462,-0.107204854,462,-0.102142274
463,-0.126048803,463,-0.12211132,463,-0.106736004,463,-0.101673424
464,-0.125955105,464,-0.121830046,464,-0.106361032,464,-0.101204753
465,-0.125767529,465,-0.121736348,465,-0.10645473,465,-0.10082978
466,-0.125486255,466,-0.12164247,466,-0.105798483,466,-0.100642204
467,-0.12520498,467,-0.121455073,467,-0.105611086,467,-0.100267231
468,-0.125017583,468,-0.121079922,468,-0.105986059,468,-0.099892259
469,-0.124923885,469,-0.12061125,469,-0.105235934,469,-0.099517107
470,-0.124830008,470,-0.120329976,470,-0.104954839,470,-0.099235833
471,-0.124736309,471,-0.120236278,471,-0.104954839,471,-0.099235833
472,-0.124736309,472,-0.1201424,472,-0.104204714,472,-0.09886086
473,-0.124642611,473,-0.120048702,473,-0.104204714,473,-0.098579586
474,-0.124548733,474,-0.119767427,474,-0.103829741,474,-0.09829849
475,-0.124548733,475,-0.119392455,475,-0.103548467,475,-0.098017216
476,-0.124455035,476,-0.119017482,476,-0.103267193,476,-0.097735941
477,-0.124361336,477,-0.118829906,477,-0.10336107,477,-0.097735941
478,-0.124361336,478,-0.118736207,478,-0.103267193,478,-0.097548366
479,-0.124455035,479,-0.118642509,479,-0.103079796,479,-0.097267091
480,-0.124455035,480,-0.118548632,480,-0.102704644,480,-0.096985817
481,-0.124455035,481,-0.118267536,481,-0.102610946,481,-0.09679842
482,-0.124455035,482,-0.117986262,482,-0.102423549,482,-0.096517146
483,-0.124455035,483,-0.117611289,483,-0.102048397,483,-0.09632957
484,-0.124455035,484,-0.117330015,484,-0.101861,484,-0.096142173
485,-0.124455035,485,-0.117236137,485,-0.101861,485,-0.096048295
486,-0.124455035,486,-0.117142439,486,-0.101673424,486,-0.095954597
487,-0.124548733,487,-0.117142439,487,-0.101486027,487,-0.0957672
488,-0.124548733,488,-0.116954863,488,-0.101017177,488,-0.095579624
489,-0.124548733,489,-0.116767466,489,-0.10139215,489,-0.09529835
490,-0.124548733,490,-0.116486192,490,-0.101204753,490,-0.095110774
491,-0.124642611,491,-0.116204917,491,-0.100923479,491,-0.094923377
492,-0.124642611,492,-0.115923643,492,-0.100923479,492,-0.094735801
493,-0.124642611,493,-0.115736246,493,-0.100735903,493,-0.094735801
494,-0.124642611,494,-0.115736246,494,-0.100548506,494,-0.094642103
495,-0.124642611,495,-0.115642369,495,-0.10036093,495,-0.094548404
496,-0.124736309,496,-0.115642369,496,-0.100267231,496,-0.094360828
497,-0.124736309,497,-0.115454972,497,-0.100079656,497,-0.09426713
498,-0.124736309,498,-0.115267396,498,-0.099985957,498,-0.094079554
499,-0.124736309,499,-0.114986122,499,-0.099892259,499,-0.093892157
500,-0.124736309,500,-0.114704847,500,-0.099704683,500,-0.09379828
501,-0.004922032,501,0.021047115,501,0.015515685,501,0.017109632
502,-0.004640579,502,0.020953417,502,0.015984535,502,0.017390728
503,-0.004078388,503,0.020859718,503,0.016171932,503,0.017578483
504,-0.003421783,504,0.02076602,504,0.015984535,504,0.017578483
505,-0.003140688,505,0.02076602,505,0.015890837,505,0.017390728
506,-0.002765536,506,0.020578265,506,0.015609741,506,0.017203331
507,-0.002297044,507,0.020390868,507,0.015515685,507,0.016922235
508,-0.002015591,508,0.020203471,508,0.01523459,508,0.016734481
509,-0.001828194,509,0.01982832,509,0.015328288,509,0.016453385
510,-0.001828194,510,0.019640923,510,0.015140891,510,0.016265988
511,-0.001734495,511,0.019453526,511,0.014672041,511,0.015984535
512,-0.001734495,512,0.019359469,512,0.014765739,512,0.01570344
513,-0.001734495,513,0.019359469,513,0.014203191,513,0.015421987
514,-0.001640797,514,0.019265771,514,0.014484644,514,0.015140891
515,-0.001734495,515,0.019265771,515,0.013922095,515,0.014859438
516,-0.001734495,516,0.019172072,516,0.013734698,516,0.014672041
517,-0.001734495,517,0.019078374,517,0.013546944,517,0.014390945
518,-0.001828194,518,0.018890977,518,0.01317215,518,0.014203191
519,-0.001828194,519,0.018703222,519,0.01317215,519,0.013922095
520,-0.001828194,520,0.018515825,520,0.012890697,520,0.013640642
521,-0.001828194,521,0.018328428,521,0.0127033,521,0.013453245
522,-0.001921892,522,0.018141031,522,0.0127033,522,0.013265848
523,-0.001921892,523,0.018046975,523,0.012609601,523,0.013078451
524,-0.002015591,524,0.017953277,524,0.012515903,524,0.012890697
525,-0.002015591,525,0.017859578,525,0.012422204,525,0.012609601
526,-0.002015591,526,0.017859578,526,0.012422204,526,0.012422204
527,-0.002109289,527,0.017859578,527,0.012234449,527,0.012234449
528,-0.002015591,528,0.01776588,528,0.012140751,528,0.012047052
529,-0.001921892,529,0.01776588,529,0.011859655,529,0.011953354
530,-0.001921892,530,0.017672181,530,0.011859655,530,0.011765957
531,-0.001921892,531,0.017578483,531,0.011671901,531,0.011671901
532,-0.001828194,532,0.017484784,532,0.011578202,532,0.011484504
533,-0.001828194,533,0.017390728,533,0.011484504,533,0.011297107
534,-0.001734495,534,0.017203331,534,0.011484504,534,0.011109352
535,-0.001734495,535,0.017015934,535,0.011484504,535,0.010921955
536,-0.001640797,536,0.016922235,536,0.011390805,536,0.010828257
537,-0.001640797,537,0.016734481,537,0.011390805,537,0.01064086
538,-0.001640797,538,0.016640782,538,0.011765957,538,0.010453105
539,-0.001640797,539,0.016547084,539,0.011953354,539,0.010359406
540,-0.001640797,540,0.016453385,540,0.012047052,540,0.010265708
541,-0.001547098,541,0.016453385,541,0.012047052,541,0.010172009
542,-0.001547098,542,0.016359687,542,0.011953354,542,0.009984612
543,-0.001547098,543,0.016359687,543,0.011859655,543,0.009890914
544,-0.001547098,544,0.016359687,544,0.011859655,544,0.009703159
545,-0.001547098,545,0.016359687,545,0.011671901,545,0.009609461
546,-0.001547098,546,0.016265988,546,0.011671901,546,0.009515762
547,-0.001547098,547,0.016265988,547,0.011484504,547,0.009328365
548,-0.001547098,548,0.016265988,548,0.011390805,548,0.009234667
549,-0.001453042,549,0.016171932,549,0.009796858,549,0.009046912
550,-0.001453042,550,0.016078234,550,0.009703159,550,0.008953214
551,0.154830337,551,0.173393369,551,0.15511179,551,0.163736701
552,0.154924393,552,0.17329967,552,0.155861735,552,0.163830757
553,0.154924393,553,0.173111916,553,0.157736778,553,0.163736701
554,0.154830337,554,0.172924519,554,0.158674121,554,0.163736701
555,0.155018091,555,0.17283082,555,0.159142971,555,0.163643003
556,0.155018091,556,0.172737122,556,0.160080671,556,0.163549304
557,0.154924393,557,0.172643065,557,0.160455465,557,0.163455606
558,0.154830337,558,0.172549367,558,0.161111712,558,0.163361907
559,0.154830337,559,0.172549367,559,0.161393166,559,0.163268209
560,0.154830337,560,0.172455668,560,0.161674261,560,0.16317451
561,0.154736638,561,0.172455668,561,0.16176796,561,0.163080454
562,0.154736638,562,0.17236197,562,0.161861658,562,0.162893057
563,0.154736638,563,0.17236197,563,0.162049413,563,0.163080454
564,0.15464294,564,0.17236197,564,0.162143111,564,0.16270566
565,0.154549241,565,0.172268271,565,0.16223681,565,0.162611961
566,0.154455543,566,0.172268271,566,0.162330508,566,0.162424207
567,0.154361844,567,0.172268271,567,0.162518263,567,0.162330508
568,0.154361844,568,0.172268271,568,0.162518263,568,0.16223681
569,0.154267788,569,0.172174573,569,0.162611961,569,0.162049413
570,0.154267788,570,0.172080874,570,0.162330508,570,0.161955714
571,0.154174089,571,0.172080874,571,0.160736918,571,0.16176796
572,0.154174089,572,0.171986818,572,0.161580563,572,0.161674261
573,0.154080391,573,0.17189312,573,0.161861658,573,0.161486864
574,0.154080391,574,0.171705723,574,0.161299467,574,0.161393166
575,0.154080391,575,0.171612024,575,0.161486864,575,0.161299467
576,0.153986692,576,0.171518326,576,0.161111712,576,0.161111712
577,0.153986692,577,0.171330571,577,0.160924315,577,0.161018014
578,0.153892994,578,0.171236873,578,0.16064322,578,0.160924315
579,0.153799295,579,0.171143174,579,0.160549164,579,0.160736918
580,0.153799295,580,0.171049476,580,0.160455465,580,0.16064322
581,0.153705597,581,0.171049476,581,0.160268068,581,0.160455465
582,0.153611541,582,0.170955777,582,0.160361767,582,0.160361767
583,0.153517842,583,0.170955777,583,0.159986973,583,0.160268068
584,0.153517842,584,0.170862079,584,0.159892917,584,0.160080671
585,0.153424144,585,0.170862079,585,0.159799218,585,0.159986973
586,0.153330445,586,0.170862079,586,0.159518123,586,0.159799218
587,0.153330445,587,0.170862079,587,0.159424424,587,0.15970552
588,0.153236747,588,0.17076838,588,0.159142971,588,0.159518123
589,0.153143048,589,0.17076838,589,0.159049273,589,0.159424424
590,0.153143048,590,0.17076838,590,0.158861876,590,0.159330368
591,0.15304935,591,0.17076838,591,0.158768177,591,0.159142971
592,0.15304935,592,0.170674324,592,0.158674121,592,0.159049273
593,0.152955294,593,0.170580626,593,0.158580422,593,0.158861876
594,0.152955294,594,0.170580626,594,0.158393025,594,0.158768177
595,0.152955294,595,0.170486927,595,0.158299327,595,0.158674121
596,0.152861595,596,0.170393229,596,0.158393025,596,0.158486724
597,0.152861595,597,0.17029953,597,0.158205628,597,0.158393025
598,0.152767897,598,0.17029953,598,0.158205628,598,0.158299327
599,0.152767897,599,0.170111775,599,0.158205628,599,0.158205628
600,0.152767897,600,0.170018077,600,0.15811193,600,0.158017874
601,-0.001171947,601,-0.001453042,601,0.007453322,601,0.010078311
602,-0.001265645,602,-0.001453042,602,0.007921815,602,0.009609461
603,-0.001359344,603,-0.001547098,603,0.007921815,603,0.009422064
604,-0.001453042,604,-0.001547098,604,0.007828116,604,0.009328365
605,-0.001453042,605,-0.001640797,605,0.007921815,605,0.009140611
606,-0.001547098,606,-0.001640797,606,0.007828116,606,0.008953214
607,-0.001547098,607,-0.001640797,607,0.007828116,607,0.008859515
608,-0.001547098,608,-0.001640797,608,0.007921815,608,0.008859515
609,-0.001547098,609,-0.001640797,609,0.007828116,609,0.008859515
610,-0.001547098,610,-0.001640797,610,0.007828116,610,0.008672118
611,-0.001547098,611,-0.001640797,611,0.007828116,611,0.008578062
612,-0.001453042,612,-0.001734495,612,0.007828116,612,0.008578062
613,-0.001453042,613,-0.001734495,613,0.007734418,613,0.008484364
614,-0.001453042,614,-0.001734495,614,0.007734418,614,0.008484364
615,-0.001359344,615,-0.001734495,615,0.007828116,615,0.008484364
616,-0.001359344,616,-0.001734495,616,0.008484364,616,0.008484364
617,-0.001265645,617,-0.001828194,617,0.008296967,617,0.008390665
618,-0.001171947,618,-0.001828194,618,0.008296967,618,0.008390665
619,-0.001078248,619,-0.001828194,619,0.008015871,619,0.008390665
620,-0.00098455,620,-0.001828194,620,0.008015871,620,0.008390665
621,-0.000890493,621,-0.001828194,621,0.007921815,621,0.008390665
622,-0.000796795,622,-0.001921892,622,0.007828116,622,0.008390665
623,-0.000703096,623,-0.001921892,623,0.007734418,623,0.008390665
624,-0.000703096,624,-0.002015591,624,0.007734418,624,0.008390665
625,-0.000703096,625,-0.001921892,625,0.007640719,625,0.008390665
626,-0.000703096,626,-0.001921892,626,0.007640719,626,0.008390665
627,-0.000609398,627,-0.002015591,627,0.007547021,627,0.008390665
628,-0.000609398,628,-0.002015591,628,0.007453322,628,0.008390665
629,-0.000609398,629,-0.002015591,629,0.007453322,629,0.008390665
630,-0.000515699,630,-0.002015591,630,0.007453322,630,0.008296967
631,-0.000515699,631,-0.002109289,631,0.007359624,631,0.008390665
632,-0.000515699,632,-0.002109289,632,0.007265568,632,0.008390665
633,-0.000515699,633,-0.002109289,633,0.007265568,633,0.008296967
634,-0.000515699,634,-0.002109289,634,0.007359624,634,0.008296967
635,-0.000515699,635,-0.002203345,635,0.007359624,635,0.008296967
636,-0.000422001,636,-0.002203345,636,0.007265568,636,0.008203268
637,-0.000422001,637,-0.002203345,637,0.007171869,637,0.008203268
638,-0.000422001,638,-0.002390742,638,0.007171869,638,0.008203268
639,-0.000328302,639,-0.002390742,639,0.006984472,639,0.008203268
640,-0.000328302,640,-0.002390742,640,0.006984472,640,0.00810957
641,-0.000328302,641,-0.002297044,641,0.006609321,641,0.00810957
642,-0.000328302,642,-0.002390742,642,0.006421924,642,0.00810957
643,-0.000328302,643,-0.002390742,643,0.006421924,643,0.00810957
644,-0.000328302,644,-0.002484441,644,0.006421924,644,0.008015871
645,-0.000328302,645,-0.002484441,645,0.006421924,645,0.008015871
646,-0.000328302,646,-0.002484441,646,0.006421924,646,0.008015871
647,-0.000328302,647,-0.002484441,647,0.006328225,647,0.008015871
648,-0.000328302,648,-0.002484441,648,0.006328225,648,0.007921815
649,-0.000328302,649,-0.002484441,649,0.006328225,649,0.007921815
650,-0.000328302,650,-0.002484441,650,0.006328225,650,0.007828116
651,-0.11911118,651,-0.127548873,651,-0.113579929,651,-0.105048537
652,-0.118923783,652,-0.127080023,652,-0.113298655,652,-0.104017317
653,-0.118736207,653,-0.126517653,653,-0.112829804,653,-0.102985919
654,-0.118642509,654,-0.126236379,654,-0.112361133,654,-0.102235973
655,-0.118642509,655,-0.126142502,655,-0.110392392,655,-0.101486027
656,-0.118548632,656,-0.125955105,656,-0.110767365,656,-0.10082978
657,-0.118454933,657,-0.125298858,657,-0.110579789,657,-0.100267231
658,-0.118267536,658,-0.124830008,658,-0.109923542,658,-0.099798381
659,-0.11807996,659,-0.124736309,659,-0.109736145,659,-0.099235833
660,-0.117892385,660,-0.124642611,660,-0.108704746,660,-0.098673463
661,-0.117704988,661,-0.124361336,661,-0.108611047,661,-0.09829849
662,-0.117611289,662,-0.123892486,662,-0.108236074,662,-0.097923338
663,-0.117611289,663,-0.123423815,663,-0.107673526,663,-0.097360969
664,-0.117517412,664,-0.123236239,664,-0.107392251,664,-0.096985817
665,-0.117423713,665,-0.12314254,665,-0.107204854,665,-0.09679842
666,-0.117330015,666,-0.122954965,666,-0.106829703,666,-0.096423447
667,-0.117236137,667,-0.122579992,667,-0.10645473,667,-0.096048295
668,-0.117142439,668,-0.12211132,668,-0.106173456,668,-0.0957672
669,-0.117142439,669,-0.121830046,669,-0.105798483,669,-0.095579624
670,-0.117142439,670,-0.12164247,670,-0.105517209,670,-0.096985817
671,-0.117142439,671,-0.121548772,671,-0.105235934,671,-0.096517146
672,-0.117142439,672,-0.121361196,672,-0.104860961,672,-0.096610844
673,-0.11704874,673,-0.120986223,673,-0.104579687,673,-0.096423447
674,-0.11704874,674,-0.120517552,674,-0.104204714,674,-0.096048295
675,-0.117142439,675,-0.120329976,675,-0.10392344,675,-0.0957672
676,-0.117142439,676,-0.120236278,676,-0.103736043,676,-0.095485926
677,-0.11704874,677,-0.1201424,677,-0.103454769,677,-0.09529835
678,-0.11704874,678,-0.120048702,678,-0.103173494,678,-0.095017076
679,-0.11704874,679,-0.119673729,679,-0.102985919,679,-0.094735801
680,-0.11704874,680,-0.119298756,680,-0.102704644,680,-0.094548404
681,-0.116954863,681,-0.118923783,681,-0.102517247,681,-0.09426713
682,-0.116954863,682,-0.118736207,682,-0.102329671,682,-0.094079554
683,-0.11704874,683,-0.118642509,683,-0.102048397,683,-0.093892157
684,-0.11704874,684,-0.118642509,684,-0.101861,684,-0.093704581
685,-0.11704874,685,-0.118454933,685,-0.101767123,685,-0.093610883
686,-0.11704874,686,-0.118267536,686,-0.101861,686,-0.093423307
687,-0.11704874,687,-0.117892385,687,-0.103267193,687,-0.09323591
688,-0.11704874,688,-0.117517412,688,-0.101579726,688,-0.093048334
689,-0.11704874,689,-0.117330015,689,-0.131205082,689,-0.092954636
690,-0.11704874,690,-0.117236137,690,-0.09932971,690,-0.09276706
691,-0.117142439,691,-0.117142439,691,-0.099235833,691,-0.092673361
692,-0.117142439,692,-0.117142439,692,-0.099048436,692,-0.092485785
693,-0.117142439,693,-0.11704874,693,-0.098954737,693,-0.092392087
694,-0.117142439,694,-0.116861165,694,-0.098673463,694,-0.092204511
695,-0.117142439,695,-0.116486192,695,-0.098485887,695,-0.092110813
696,-0.117236137,696,-0.116111219,696,-0.09829849,696,-0.091923237
697,-0.117236137,697,-0.115923643,697,-0.098017216,697,-0.091829538
698,-0.117236137,698,-0.115736246,698,-0.09782964,698,-0.091642141
699,-0.117236137,699,-0.115736246,699,-0.097735941,699,-0.091548264
700,-0.117330015,700,-0.115642369,700,-0.097642064,700,-0.091454566
701,0.002671838,701,0.01776588,701,-0.097548366,701,0.014578342
702,0.002578139,702,0.01776588,702,-0.097454667,702,0.014578342
703,0.002484441,703,0.017484784,703,0.007921815,703,0.014859438
704,0.002390742,704,0.017109632,704,0.007734418,704,0.015515685
705,0.002297044,705,0.017015934,705,0.007265568,705,0.015797138
706,0.002202988,706,0.016547084,706,0.007265568,706,0.016171932
707,0.002109289,707,0.016359687,707,0.007078171,707,0.016828179
708,0.001921892,708,0.016359687,708,0.006609321,708,0.016734481
709,0.001921892,709,0.016265988,709,0.006609321,709,0.016640782
710,0.001828194,710,0.016171932,710,0.006703377,710,0.016640782
711,0.001734495,711,0.015984535,711,0.006703377,711,0.016453385
712,0.001640797,712,0.015797138,712,0.006797075,712,0.016265988
713,0.001640797,713,0.015515685,713,0.006609321,713,0.015984535
714,0.001546741,714,0.01523459,714,0.006609321,714,0.015797138
715,0.001546741,715,0.015047193,715,0.006515622,715,0.015609741
716,0.001453042,716,0.014953494,716,0.006515622,716,0.015515685
717,0.001453042,717,0.014859438,717,0.006046772,717,0.015328288
718,0.001453042,718,0.014859438,718,0.006046772,718,0.015047193
719,0.001453042,719,0.014765739,719,0.006140828,719,0.014672041
720,0.001359344,720,0.014765739,720,0.006140828,720,0.014484644
721,0.001359344,721,0.014672041,721,0.006140828,721,0.014296889
722,0.001359344,722,0.014484644,722,0.006140828,722,0.014109492
723,0.001265645,723,0.014296889,723,0.005765676,723,0.014015794
724,0.001171947,724,0.014015794,724,0.005484581,724,0.013828397
725,0.001078248,725,0.013828397,725,0.005578279,725,0.013640642
726,0.000984192,726,0.013640642,726,0.005015731,726,0.013359547
727,0.000796795,727,0.013546944,727,0.004922032,727,0.013078451
728,0.000796795,728,0.013453245,728,0.005015731,728,0.012890697
729,0.000703096,729,0.013453245,729,0.004734278,729,0.012796998
730,0.000515699,730,0.013359547,730,0.004828334,730,0.0127033
731,0.000422001,731,0.013359547,731,0.003984332,731,0.012515903
732,0.000234246,732,0.013265848,732,0.003703237,732,0.012422204
733,0.000140548,733,0.013265848,733,0.003703237,733,0.012234449
734,0.000140548,734,0.01317215,734,0.003515482,734,0.012047052
735,0.000140548,735,0.01317215,735,0.003796935,735,0.011859655
736,4.68493E-05,736,0.012984395,736,0.003703237,736,0.011671901
737,0.000140548,737,0.012890697,737,0.003234386,737,0.011484504
738,4.68493E-05,738,0.012796998,738,0.003046989,738,0.011297107
739,4.68493E-05,739,0.012609601,739,0.002953291,739,0.011203408
740,4.68493E-05,740,0.012422204,740,0.002578139,740,0.011203408
741,4.68493E-05,741,0.012234449,741,0.002578139,741,0.011109352
742,4.68493E-05,742,0.012140751,742,0.002202988,742,0.011015654
743,-4.68493E-05,743,0.012047052,743,0.001828194,743,0.010921955
744,-4.68493E-05,744,0.011953354,744,0.001640797,744,0.010828257
745,-4.68493E-05,745,0.011859655,745,0.001265645,745,0.01064086
746,-4.68493E-05,746,0.011859655,746,0.001921892,746,0.010453105
747,-0.000140548,747,0.011859655,747,0.001078248,747,0.010359406
748,-0.000140548,748,0.011859655,748,0.000703096,748,0.010172009
749,-0.000140548,749,0.011765957,749,0.000609398,749,0.010078311
750,-0.000140548,750,0.011765957,750,0.000234246,750,0.009984612
751,0.145361423,751,0.161861658,751,0.168330789,751,0.160736918
752,0.14545548,752,0.161861658,752,0.168143034,752,0.161205411
753,0.145642877,753,0.161674261,753,0.168143034,753,0.161393166
754,0.145923972,754,0.161393166,754,0.168049335,754,0.161393166
755,0.146111727,755,0.161018014,755,0.167955637,755,0.161580563
756,0.146205425,756,0.16064322,756,0.167861938,756,0.161580563
757,0.146299124,757,0.160455465,757,0.16776824,757,0.161674261
758,0.146299124,758,0.160455465,758,0.16776824,758,0.16176796
759,0.146392822,759,0.160455465,759,0.167674541,759,0.161861658
760,0.146299124,760,0.160361767,760,0.167674541,760,0.161861658
761,0.146205425,761,0.160268068,761,0.167580485,761,0.161861658
762,0.145830274,762,0.16017437,762,0.167580485,762,0.161861658
763,0.145642877,763,0.160080671,763,0.167580485,763,0.161861658
764,0.145549178,764,0.159892917,764,0.167580485,764,0.16176796
765,0.14545548,765,0.159799218,765,0.167486787,765,0.16176796
766,0.14545548,766,0.159611821,766,0.16729939,766,0.161674261
767,0.14545548,767,0.159424424,767,0.167205691,767,0.161580563
768,0.14545548,768,0.159142971,768,0.167111993,768,0.161486864
769,0.14545548,769,0.159049273,769,0.166924238,769,0.161486864
770,0.145361423,770,0.158955574,770,0.16683054,770,0.161393166
771,0.145361423,771,0.158861876,771,0.166643143,771,0.161299467
772,0.145361423,772,0.158861876,772,0.166549444,772,0.161205411
773,0.145361423,773,0.158861876,773,0.166455746,773,0.161205411
774,0.145267725,774,0.158768177,774,0.166267991,774,0.161111712
775,0.145267725,775,0.158674121,775,0.166174293,775,0.161018014
776,0.145267725,776,0.158674121,776,0.166080594,776,0.160830617
777,0.145174026,777,0.158580422,777,0.165986896,777,0.160830617
778,0.145174026,778,0.158486724,778,0.165893197,778,0.160736918
779,0.145080328,779,0.158299327,779,0.165799499,779,0.160549164
780,0.145080328,780,0.15811193,780,0.1657058,780,0.160455465
781,0.144892931,781,0.158017874,781,0.165518045,781,0.160361767
782,0.144424081,782,0.157924175,782,0.165424347,782,0.160268068
783,0.144330382,783,0.157830477,783,0.16523695,783,0.16017437
784,0.144236684,784,0.157736778,784,0.16523695,784,0.160080671
785,0.144142628,785,0.15764308,785,0.165143251,785,0.159986973
786,0.144142628,786,0.157549381,786,0.165049195,786,0.159799218
787,0.144048929,787,0.157455683,787,0.164955497,787,0.15970552
788,0.144048929,788,0.157455683,788,0.164955497,788,0.159611821
789,0.143955231,789,0.157361627,789,0.1647681,789,0.159518123
790,0.143955231,790,0.157361627,790,0.1647681,790,0.159330368
791,0.143861532,791,0.157267928,791,0.164674401,791,0.15923667
792,0.143861532,792,0.157267928,792,0.164580703,792,0.159142971
793,0.143861532,793,0.157267928,793,0.164487004,793,0.159049273
794,0.143767834,794,0.157267928,794,0.16429925,794,0.158955574
795,0.143767834,795,0.15717423,795,0.164111853,795,0.158861876
796,0.143674135,796,0.157080531,796,0.163924456,796,0.158768177
797,0.143674135,797,0.157080531,797,0.163830757,797,0.158580422
798,0.143674135,798,0.156986833,798,0.163736701,798,0.158486724
799,0.143580437,799,0.156893134,799,0.163643003,799,0.158393025
800,0.143580437,800,0.156799078,800,0.163455606,800,0.158299327
801,-0.00098455,801,-0.000890493,801,0.001546741,801,0.011015654
802,-0.001547098,802,-0.001734495,802,0.001640797,802,0.010921955
803,-0.001921892,803,-0.002765536,803,0.001171947,803,0.010734558
804,-0.002203345,804,-0.003140688,804,0.000984192,804,0.01064086
805,-0.002484441,805,-0.003328085,805,0.000984192,805,0.009890914
806,-0.002578139,806,-0.003890634,806,0.000796795,806,0.010453105
807,-0.002765536,807,-0.004265785,807,0.000890493,807,0.010359406
808,-0.002859592,808,-0.004546881,808,0.000890493,808,0.010265708
809,-0.002953291,809,-0.004640579,809,0.000796795,809,0.010172009
810,-0.003046989,810,-0.004640579,810,0.000609398,810,0.010078311
811,-0.003140688,811,-0.004640579,811,0.000515699,811,0.010078311
812,-0.003140688,812,-0.004734635,812,0.000327945,812,0.010078311
813,-0.003140688,813,-0.004734635,813,0.000327945,813,0.009984612
814,-0.003140688,814,-0.004734635,814,0.000140548,814,0.009890914
815,-0.003140688,815,-0.004828334,815,0.000234246,815,0.009796858
816,-0.003140688,816,-0.004828334,816,0.000140548,816,0.009703159
817,-0.003140688,817,-0.004828334,817,0.000140548,817,0.009703159
818,-0.003140688,818,-0.004828334,818,0.000234246,818,0.009609461
819,-0.003140688,819,-0.004828334,819,0.000327945,819,0.009609461
820,-0.003046989,820,-0.004922032,820,0.000327945,820,0.009515762
821,-0.003046989,821,-0.004922032,821,0.000515699,821,0.009422064
822,-0.003046989,822,-0.005015731,822,0.000609398,822,0.009422064
823,-0.003046989,823,-0.005015731,823,0.000796795,823,0.009328365
824,-0.002953291,824,-0.005109429,824,0.000984192,824,0.009328365
825,-0.002765536,825,-0.005109429,825,0.001171947,825,0.009234667
826,-0.002765536,826,-0.005203128,826,0.001265645,826,0.009140611
827,-0.002765536,827,-0.005296826,827,0.001359344,827,0.009140611
828,-0.002765536,828,-0.005296826,828,0.001453042,828,0.009046912
829,-0.002671838,829,-0.005390882,829,0.001546741,829,0.009046912
830,-0.002671838,830,-0.005390882,830,0.001640797,830,0.008953214
831,-0.002578139,831,-0.005390882,831,0.001640797,831,0.008953214
832,-0.002484441,832,-0.005390882,832,0.001734495,832,0.008859515
833,-0.002297044,833,-0.005390882,833,0.001921892,833,0.008859515
834,-0.002015591,834,-0.005390882,834,0.002109289,834,0.008765817
835,-0.001921892,835,-0.005390882,835,0.002015591,835,0.008765817
836,-0.001921892,836,-0.005390882,836,0.002015591,836,0.008672118
837,-0.001921892,837,-0.005390882,837,0.002109289,837,0.008672118
838,-0.001921892,838,-0.005390882,838,0.002297044,838,0.008578062
839,-0.001921892,839,-0.005390882,839,0.002297044,839,0.008578062
840,-0.001921892,840,-0.005390882,840,0.002109289,840,0.008484364
841,-0.001921892,841,-0.005390882,841,0.002109289,841,0.008484364
842,-0.001828194,842,-0.005390882,842,0.002109289,842,0.008484364
843,-0.001828194,843,-0.005390882,843,0.002202988,843,0.008390665
844,-0.001828194,844,-0.005390882,844,0.002109289,844,0.008390665
845,-0.001734495,845,-0.005390882,845,0.002109289,845,0.008296967
846,-0.001828194,846,-0.005390882,846,0.002109289,846,0.008296967
847,-0.001734495,847,-0.005390882,847,0.002015591,847,0.008296967
848,-0.001734495,848,-0.005390882,848,0.002015591,848,0.008203268
849,-0.001734495,849,-0.005390882,849,0.001921892,849,0.008203268
850,-0.001734495,850,-0.005390882,850,0.002015591,850,0.00810957
851,-0.115173697,851,-0.126892626,851,-0.124361336,851,-0.10336107
852,-0.115361094,852,-0.126330078,852,-0.123705089,852,-0.102704644
853,-0.115454972,853,-0.126236379,853,-0.123048842,853,-0.101954699
854,-0.11554867,854,-0.126142502,854,-0.122205019,854,-0.101298451
855,-0.115454972,855,-0.125955105,855,-0.12164247,855,-0.100642204
856,-0.115361094,856,-0.125580132,856,-0.121079922,856,-0.100079656
857,-0.115173697,857,-0.125111282,857,-0.120329976,857,-0.099517107
858,-0.114892423,858,-0.124830008,858,-0.119955003,858,-0.098954737
859,-0.11451745,859,-0.124736309,859,-0.119205058,859,-0.098485887
860,-0.114329875,860,-0.124642611,860,-0.118829906,860,-0.098204613
861,-0.114142478,861,-0.124548733,861,-0.118548632,861,-0.097642064
862,-0.113954902,862,-0.124361336,862,-0.117798686,862,-0.097267091
863,-0.113579929,863,-0.123986363,863,-0.117423713,863,-0.096892118
864,-0.113111079,864,-0.123517513,864,-0.117142439,864,-0.096610844
865,-0.112829804,865,-0.123330116,865,-0.116954863,865,-0.096235871
866,-0.112642407,866,-0.123236239,866,-0.116392493,866,-0.0957672
867,-0.112454832,867,-0.12314254,867,-0.115923643,867,-0.095485926
868,-0.11198616,868,-0.123048842,868,-0.115642369,868,-0.09529835
869,-0.11151731,869,-0.122861266,869,-0.115267396,869,-0.095017076
870,-0.111329913,870,-0.122579992,870,-0.114986122,870,-0.094642103
871,-0.111142337,871,-0.122205019,871,-0.11451745,871,-0.094360828
872,-0.110954762,872,-0.121923745,872,-0.114236176,872,-0.094173431
873,-0.110673666,873,-0.121736348,873,-0.1140486,873,-0.094079554
874,-0.110298514,874,-0.12164247,874,-0.113861203,874,-0.093704581
875,-0.110017419,875,-0.12164247,875,-0.113486052,875,-0.093423307
876,-0.109736145,876,-0.121548772,876,-0.11301738,876,-0.093142033
877,-0.109642267,877,-0.121361196,877,-0.112736106,877,-0.092954636
878,-0.10945487,878,-0.121079922,878,-0.112642407,878,-0.092673361
879,-0.109173596,879,-0.120704949,879,-0.112361133,879,-0.092485785
880,-0.108798623,880,-0.120423675,880,-0.111798584,880,-0.092298388
881,-0.108517349,881,-0.120329976,881,-0.111423612,881,-0.092204511
882,-0.108329773,882,-0.120236278,882,-0.111142337,882,-0.092017114
883,-0.108236074,883,-0.1201424,883,-0.110954762,883,-0.091829538
884,-0.108142376,884,-0.1201424,884,-0.110767365,884,-0.091642141
885,-0.108048499,885,-0.120048702,885,-0.110298514,885,-0.091454566
886,-0.1079548,886,-0.119861305,886,-0.109923542,886,-0.09126699
887,-0.107767224,887,-0.11958003,887,-0.109736145,887,-0.091173291
888,-0.107673526,888,-0.119298756,888,-0.109548569,888,-0.091079593
889,-0.107486129,889,-0.119017482,889,-0.109360993,889,-0.091079593
890,-0.107392251,890,-0.118829906,890,-0.10898602,890,-0.090985715
891,-0.107298553,891,-0.118736207,891,-0.108704746,891,-0.090798318
892,-0.107204854,892,-0.118736207,892,-0.108517349,892,-0.09070462
893,-0.107110977,893,-0.118642509,893,-0.108329773,893,-0.090610743
894,-0.107017279,894,-0.118548632,894,-0.108236074,894,-0.090423346
895,-0.10692358,895,-0.118454933,895,-0.108048499,895,-0.09023577
896,-0.106829703,896,-0.118361235,896,-0.1079548,896,-0.090048194
897,-0.106829703,897,-0.11807996,897,-0.107767224,897,-0.089954495
898,-0.10692358,898,-0.117798686,898,-0.107486129,898,-0.089767098
899,-0.10692358,899,-0.117611289,899,-0.107298553,899,-0.089673221
900,-0.10692358,900,-0.117423713,900,-0.107204854,900,-0.089579523
901,-0.10692358,901,0.014672041,901,-0.10692358,901,0.023015857
902,0.008765817,902,0.014765739,902,0.007171869,902,0.022734761
903,0.008672118,903,0.014859438,903,0.007078171,903,0.02235961
904,0.00810957,904,0.014859438,904,0.006984472,904,0.021515965
905,0.007547021,905,0.014765739,905,0.006703377,905,0.021422267
906,0.007359624,906,0.014765739,906,0.006328225,906,0.021234512
907,0.007171869,907,0.014672041,907,0.006140828,907,0.02076602
908,0.006984472,908,0.014484644,908,0.005953074,908,0.02029717
909,0.006703377,909,0.014203191,909,0.005765676,909,0.020109773
910,0.006421924,910,0.013922095,910,0.005578279,910,0.01982832
911,0.006234527,911,0.013640642,911,0.005296826,911,0.019547224
912,0.006140828,912,0.013453245,912,0.005015731,912,0.019078374
913,0.006046772,913,0.013359547,913,0.004734278,913,0.018703222
914,0.005953074,914,0.013359547,914,0.004453182,914,0.018515825
915,0.005859375,915,0.013265848,915,0.004359484,915,0.018328428
916,0.005859375,916,0.01317215,916,0.004359484,916,0.018046975
917,0.005765676,917,0.012890697,917,0.004078031,917,0.017672181
918,0.005765676,918,0.012609601,918,0.003890634,918,0.017297029
919,0.005671978,919,0.012328148,919,0.003703237,919,0.017109632
920,0.005578279,920,0.012140751,920,0.003703237,920,0.016922235
921,0.005578279,921,0.011953354,921,0.003515482,921,0.016734481
922,0.005390525,922,0.011859655,922,0.003328085,922,0.016453385
923,0.005390525,923,0.011859655,923,0.003140688,923,0.016171932
924,0.005203128,924,0.011765957,924,0.003234386,924,0.015890837
925,0.005109429,925,0.011671901,925,0.003046989,925,0.01570344
926,0.005015731,926,0.011484504,926,0.003046989,926,0.015609741
927,0.004922032,927,0.011297107,927,0.002859235,927,0.015515685
928,0.004828334,928,0.011015654,928,0.002859235,928,0.015328288
929,0.004640579,929,0.010734558,929,0.002671838,929,0.015140891
930,0.004640579,930,0.010547161,930,0.002671838,930,0.014953494
931,0.004546881,931,0.010453105,931,0.002578139,931,0.014672041
932,0.004453182,932,0.010359406,932,0.002484441,932,0.014484644
933,0.004453182,933,0.010359406,933,0.002390742,933,0.014296889
934,0.004453182,934,0.010265708,934,0.002297044,934,0.014203191
935,0.004359484,935,0.010265708,935,0.002297044,935,0.014109492
936,0.004359484,936,0.010172009,936,0.002202988,936,0.014015794
937,0.004359484,937,0.010078311,937,0.002109289,937,0.013828397
938,0.004265785,938,0.009890914,938,0.002015591,938,0.013640642
939,0.004265785,939,0.009703159,939,0.001921892,939,0.013453245
940,0.004265785,940,0.009515762,940,0.001921892,940,0.013265848
941,0.004172087,941,0.009234667,941,0.001828194,941,0.01317215
942,0.004172087,942,0.009046912,942,0.001734495,942,0.012984395
943,0.004078031,943,0.008953214,943,0.001640797,943,0.012796998
944,0.004078031,944,0.008859515,944,0.001546741,944,0.0127033
945,0.003984332,945,0.008859515,945,0.001546741,945,0.012609601
946,0.003984332,946,0.008859515,946,0.001453042,946,0.012609601
947,0.003984332,947,0.008765817,947,0.001359344,947,0.012515903
948,0.003890634,948,0.008765817,948,0.001265645,948,0.012515903
949,0.003796935,949,0.008672118,949,0.001171947,949,0.012422204
950,0.003796935,950,0.008578062,950,0.001078248,950,0.012328148
951,0.003703237,951,0.168893337,951,0.116204739,951,0.163549304
952,0.145549178,952,0.168705583,952,0.116673589,952,0.163455606
953,0.14545548,953,0.168611884,953,0.117142439,953,0.163455606
954,0.145549178,954,0.168424487,954,0.117611289,954,0.16317451
955,0.145549178,955,0.16823709,955,0.117423534,955,0.163080454
956,0.145549178,956,0.168049335,956,0.098954558,956,0.162986755
957,0.145642877,957,0.167955637,957,0.114704847,957,0.162893057
958,0.145736575,958,0.167861938,958,0.123611212,958,0.16270566
959,0.145642877,959,0.167861938,959,0.127548695,959,0.16270566
960,0.14545548,960,0.16776824,960,0.126986146,960,0.162518263
961,0.145361423,961,0.16776824,961,0.130455136,961,0.162424207
962,0.145267725,962,0.167674541,962,0.126423955,962,0.162424207
963,0.145174026,963,0.167486787,963,0.125392556,963,0.16223681
964,0.144986629,964,0.167205691,964,0.129142642,964,0.162143111
965,0.144799232,965,0.167018294,965,0.128580093,965,0.161861658
966,0.144705176,966,0.166736841,966,0.126986146,966,0.161955714
967,0.144517779,967,0.166549444,967,0.126329899,967,0.162049413
968,0.144424081,968,0.166455746,968,0.125392556,968,0.16176796
969,0.144330382,969,0.166362047,969,0.125017405,969,0.16176796
970,0.144236684,970,0.166362047,970,0.123423815,970,0.161674261
971,0.144142628,971,0.166267991,971,0.126423955,971,0.161486864
972,0.144048929,972,0.166267991,972,0.130361438,972,0.161299467
973,0.143955231,973,0.166174293,973,0.124923706,973,0.161299467
974,0.143861532,974,0.165986896,974,0.126986146,974,0.161111712
975,0.143767834,975,0.165799499,975,0.140861392,975,0.160924315
976,0.143767834,976,0.165611744,976,0.146486521,976,0.160736918
977,0.143674135,977,0.165330648,977,0.134955168,977,0.160549164
978,0.143486381,978,0.165143251,978,0.14751792,978,0.160455465
979,0.143298984,979,0.165049195,979,0.141142845,979,0.160361767
980,0.143111587,980,0.164955497,980,0.156986833,980,0.16017437
981,0.14292419,981,0.164861798,981,0.141517639,981,0.160080671
982,0.142736435,982,0.1647681,982,0.140861392,982,0.159986973
983,0.142549038,983,0.1647681,983,0.140673995,983,0.159799218
984,0.142455339,984,0.164674401,984,0.140017748,984,0.159611821
985,0.142361641,985,0.164487004,985,0.140205145,985,0.159424424
986,0.142361641,986,0.16429925,986,0.139830351,986,0.159330368
987,0.142267942,987,0.164018154,987,0.139924049,987,0.15923667
988,0.142267942,988,0.163830757,988,0.140017748,988,0.159049273
989,0.142267942,989,0.163643003,989,0.140017748,989,0.158955574
990,0.142173886,990,0.163549304,990,0.140111446,990,0.158955574
991,0.142080188,991,0.163455606,991,0.140486598,991,0.158861876
992,0.141986489,992,0.163361907,992,0.1403929,992,0.158768177
993,0.141892791,993,0.163361907,993,0.140767694,993,0.158674121
994,0.141892791,994,0.163361907,994,0.140767694,994,0.158674121
995,0.141799092,995,0.163268209,995,0.140673995,995,0.158580422
996,0.141799092,996,0.163268209,996,0.141236544,996,0.158580422
997,0.141705394,997,0.16317451,997,0.141049147,997,0.158580422
998,0.141705394,998,0.163080454,998,0.141049147,998,0.158393025
999,0.141611338,999,0.162893057,999,0.141423941,999,0.158299327
1000,0.141517639,1000,0.16270566,1000,0.141330242,1000,0.15811193
